seqlen,branches,method,layers_per_step,rep,ms,ncu_available,nsys_available
1024,1,contiguous,28,0,1.0513279438018799,False,True
1024,1,vmm_paged,28,0,1.0610560178756714,False,True
1024,1,contiguous,28,1,1.0328960418701172,False,True
1024,1,vmm_paged,28,1,1.0289280414581299,False,True
1024,1,contiguous,28,2,1.0258560180664062,False,True
1024,1,vmm_paged,28,2,1.0283199548721313,False,True
1024,1,contiguous,28,3,1.0189759731292725,False,True
1024,1,vmm_paged,28,3,1.0438400506973267,False,True
1024,1,contiguous,28,4,1.0333759784698486,False,True
1024,1,vmm_paged,28,4,1.0382399559020996,False,True
1024,1,contiguous,28,5,1.0539519786834717,False,True
1024,1,vmm_paged,28,5,1.0425599813461304,False,True
1024,1,contiguous,28,6,1.0216000080108643,False,True
1024,1,vmm_paged,28,6,1.0288640260696411,False,True
1024,1,contiguous,28,7,1.029919981956482,False,True
1024,1,vmm_paged,28,7,1.0278400182724,False,True
1024,1,contiguous,28,8,1.0269759893417358,False,True
1024,1,vmm_paged,28,8,1.0232000350952148,False,True
1024,1,contiguous,28,9,1.0256320238113403,False,True
1024,1,vmm_paged,28,9,1.0583360195159912,False,True
1024,1,contiguous,28,10,1.0531840324401855,False,True
1024,1,vmm_paged,28,10,1.0571199655532837,False,True
1024,1,contiguous,28,11,1.025823950767517,False,True
1024,1,vmm_paged,28,11,1.0292160511016846,False,True
1024,1,contiguous,28,12,1.0197440385818481,False,True
1024,1,vmm_paged,28,12,1.025823950767517,False,True
1024,1,contiguous,28,13,1.0246080160140991,False,True
1024,1,vmm_paged,28,13,1.0383039712905884,False,True
1024,1,contiguous,28,14,1.0288959741592407,False,True
1024,1,vmm_paged,28,14,1.0479680299758911,False,True
1024,1,contiguous,28,15,1.0201280117034912,False,True
1024,1,vmm_paged,28,15,1.0336960554122925,False,True
1024,1,contiguous,28,16,1.0342400074005127,False,True
1024,1,vmm_paged,28,16,1.0316799879074097,False,True
1024,1,contiguous,28,17,1.0350719690322876,False,True
1024,1,vmm_paged,28,17,1.0311039686203003,False,True
1024,1,contiguous,28,18,1.0218559503555298,False,True
1024,1,vmm_paged,28,18,1.0302079916000366,False,True
1024,1,contiguous,28,19,1.027232050895691,False,True
1024,1,vmm_paged,28,19,1.046463966369629,False,True
1024,1,contiguous,28,20,1.0641920566558838,False,True
1024,1,vmm_paged,28,20,1.0554879903793335,False,True
1024,1,contiguous,28,21,1.0255039930343628,False,True
1024,1,vmm_paged,28,21,1.0257600545883179,False,True
1024,1,contiguous,28,22,1.019935965538025,False,True
1024,1,vmm_paged,28,22,1.0489280223846436,False,True
1024,1,contiguous,28,23,1.0202879905700684,False,True
1024,1,vmm_paged,28,23,1.015104055404663,False,True
1024,1,contiguous,28,24,1.0391360521316528,False,True
1024,1,vmm_paged,28,24,1.029312014579773,False,True
1024,1,contiguous,28,25,1.0468159914016724,False,True
1024,1,vmm_paged,28,25,1.0271040201187134,False,True
1024,1,contiguous,28,26,1.0220799446105957,False,True
1024,1,vmm_paged,28,26,1.0240319967269897,False,True
1024,1,contiguous,28,27,1.015328049659729,False,True
1024,1,vmm_paged,28,27,1.0243840217590332,False,True
1024,1,contiguous,28,28,1.0152959823608398,False,True
1024,1,vmm_paged,28,28,1.0266879796981812,False,True
1024,1,contiguous,28,29,1.0563199520111084,False,True
1024,1,vmm_paged,28,29,1.1183359622955322,False,True
1024,4,contiguous,28,0,1.0393919944763184,False,True
1024,4,vmm_paged,28,0,1.029695987701416,False,True
1024,4,contiguous,28,1,1.024224042892456,False,True
1024,4,vmm_paged,28,1,1.0177600383758545,False,True
1024,4,contiguous,28,2,1.0183360576629639,False,True
1024,4,vmm_paged,28,2,1.017632007598877,False,True
1024,4,contiguous,28,3,1.0743680000305176,False,True
1024,4,vmm_paged,28,3,1.0285760164260864,False,True
1024,4,contiguous,28,4,1.0182080268859863,False,True
1024,4,vmm_paged,28,4,1.021567940711975,False,True
1024,4,contiguous,28,5,1.0159679651260376,False,True
1024,4,vmm_paged,28,5,1.0235519409179688,False,True
1024,4,contiguous,28,6,1.0213760137557983,False,True
1024,4,vmm_paged,28,6,1.021056056022644,False,True
1024,4,contiguous,28,7,1.0879039764404297,False,True
1024,4,vmm_paged,28,7,1.033087968826294,False,True
1024,4,contiguous,28,8,1.1390399932861328,False,True
1024,4,vmm_paged,28,8,1.0683200359344482,False,True
1024,4,contiguous,28,9,1.0190720558166504,False,True
1024,4,vmm_paged,28,9,1.0152959823608398,False,True
1024,4,contiguous,28,10,1.0166079998016357,False,True
1024,4,vmm_paged,28,10,1.0186879634857178,False,True
1024,4,contiguous,28,11,1.0249279737472534,False,True
1024,4,vmm_paged,28,11,1.2079360485076904,False,True
1024,4,contiguous,28,12,1.0546879768371582,False,True
1024,4,vmm_paged,28,12,1.0386559963226318,False,True
1024,4,contiguous,28,13,1.0255039930343628,False,True
1024,4,vmm_paged,28,13,1.0224000215530396,False,True
1024,4,contiguous,28,14,1.021056056022644,False,True
1024,4,vmm_paged,28,14,1.047935962677002,False,True
1024,4,contiguous,28,15,1.0210880041122437,False,True
1024,4,vmm_paged,28,15,1.043552041053772,False,True
1024,4,contiguous,28,16,1.031999945640564,False,True
1024,4,vmm_paged,28,16,1.0166399478912354,False,True
1024,4,contiguous,28,17,1.0310399532318115,False,True
1024,4,vmm_paged,28,17,1.0184320211410522,False,True
1024,4,contiguous,28,18,1.015104055404663,False,True
1024,4,vmm_paged,28,18,1.025920033454895,False,True
1024,4,contiguous,28,19,1.0869120359420776,False,True
1024,4,vmm_paged,28,19,1.0346239805221558,False,True
1024,4,contiguous,28,20,1.0455360412597656,False,True
1024,4,vmm_paged,28,20,1.0429120063781738,False,True
1024,4,contiguous,28,21,1.025823950767517,False,True
1024,4,vmm_paged,28,21,1.0505599975585938,False,True
1024,4,contiguous,28,22,1.0531840324401855,False,True
1024,4,vmm_paged,28,22,1.0372159481048584,False,True
1024,4,contiguous,28,23,1.0264320373535156,False,True
1024,4,vmm_paged,28,23,1.0251840353012085,False,True
1024,4,contiguous,28,24,1.0867840051651,False,True
1024,4,vmm_paged,28,24,1.0208640098571777,False,True
1024,4,contiguous,28,25,1.0179200172424316,False,True
1024,4,vmm_paged,28,25,1.0218559503555298,False,True
1024,4,contiguous,28,26,1.0149760246276855,False,True
1024,4,vmm_paged,28,26,1.0321919918060303,False,True
1024,4,contiguous,28,27,1.032480001449585,False,True
1024,4,vmm_paged,28,27,1.0470399856567383,False,True
1024,4,contiguous,28,28,1.0230079889297485,False,True
1024,4,vmm_paged,28,28,1.022528052330017,False,True
1024,4,contiguous,28,29,1.0222079753875732,False,True
1024,4,vmm_paged,28,29,1.015936017036438,False,True
1024,8,contiguous,28,0,1.033471941947937,False,True
1024,8,vmm_paged,28,0,1.026144027709961,False,True
1024,8,contiguous,28,1,1.114400029182434,False,True
1024,8,vmm_paged,28,1,1.0674879550933838,False,True
1024,8,contiguous,28,2,1.0301439762115479,False,True
1024,8,vmm_paged,28,2,1.0210239887237549,False,True
1024,8,contiguous,28,3,1.053887963294983,False,True
1024,8,vmm_paged,28,3,1.0255039930343628,False,True
1024,8,contiguous,28,4,1.0245440006256104,False,True
1024,8,vmm_paged,28,4,1.0236799716949463,False,True
1024,8,contiguous,28,5,1.0232959985733032,False,True
1024,8,vmm_paged,28,5,1.052448034286499,False,True
1024,8,contiguous,28,6,1.0716480016708374,False,True
1024,8,vmm_paged,28,6,1.0501760244369507,False,True
1024,8,contiguous,28,7,1.0241279602050781,False,True
1024,8,vmm_paged,28,7,1.0554879903793335,False,True
1024,8,contiguous,28,8,1.0261119604110718,False,True
1024,8,vmm_paged,28,8,1.0518720149993896,False,True
1024,8,contiguous,28,9,1.0234240293502808,False,True
1024,8,vmm_paged,28,9,1.0209280252456665,False,True
1024,8,contiguous,28,10,1.0243840217590332,False,True
1024,8,vmm_paged,28,10,1.0228480100631714,False,True
1024,8,contiguous,28,11,1.0520639419555664,False,True
1024,8,vmm_paged,28,11,1.0185600519180298,False,True
1024,8,contiguous,28,12,1.0346879959106445,False,True
1024,8,vmm_paged,28,12,1.0468800067901611,False,True
1024,8,contiguous,28,13,1.0179840326309204,False,True
1024,8,vmm_paged,28,13,1.0239039659500122,False,True
1024,8,contiguous,28,14,1.0157760381698608,False,True
1024,8,vmm_paged,28,14,1.0180799961090088,False,True
1024,8,contiguous,28,15,1.0159039497375488,False,True
1024,8,vmm_paged,28,15,1.0144319534301758,False,True
1024,8,contiguous,28,16,1.0323840379714966,False,True
1024,8,vmm_paged,28,16,1.0097600221633911,False,True
1024,8,contiguous,28,17,1.0168319940567017,False,True
1024,8,vmm_paged,28,17,1.1088320016860962,False,True
1024,8,contiguous,28,18,1.0426559448242188,False,True
1024,8,vmm_paged,28,18,1.0219199657440186,False,True
1024,8,contiguous,28,19,1.0391360521316528,False,True
1024,8,vmm_paged,28,19,1.0445120334625244,False,True
1024,8,contiguous,28,20,1.176800012588501,False,True
1024,8,vmm_paged,28,20,1.4027199745178223,False,True
1024,8,contiguous,28,21,1.093824028968811,False,True
1024,8,vmm_paged,28,21,1.0811200141906738,False,True
1024,8,contiguous,28,22,1.1469759941101074,False,True
1024,8,vmm_paged,28,22,1.0692479610443115,False,True
1024,8,contiguous,28,23,1.0174720287322998,False,True
1024,8,vmm_paged,28,23,1.0127040147781372,False,True
1024,8,contiguous,28,24,1.0437120199203491,False,True
1024,8,vmm_paged,28,24,1.0169600248336792,False,True
1024,8,contiguous,28,25,1.0161919593811035,False,True
1024,8,vmm_paged,28,25,1.0143680572509766,False,True
1024,8,contiguous,28,26,1.0168319940567017,False,True
1024,8,vmm_paged,28,26,1.0139199495315552,False,True
1024,8,contiguous,28,27,1.0124160051345825,False,True
1024,8,vmm_paged,28,27,1.0146559476852417,False,True
1024,8,contiguous,28,28,1.0186879634857178,False,True
1024,8,vmm_paged,28,28,1.016319990158081,False,True
1024,8,contiguous,28,29,1.0134400129318237,False,True
1024,8,vmm_paged,28,29,1.0173439979553223,False,True
1024,16,contiguous,28,0,1.0573760271072388,False,True
1024,16,vmm_paged,28,0,1.056447982788086,False,True
1024,16,contiguous,28,1,1.0277440547943115,False,True
1024,16,vmm_paged,28,1,1.0220160484313965,False,True
1024,16,contiguous,28,2,1.0232959985733032,False,True
1024,16,vmm_paged,28,2,1.029919981956482,False,True
1024,16,contiguous,28,3,1.0523200035095215,False,True
1024,16,vmm_paged,28,3,1.0163520574569702,False,True
1024,16,contiguous,28,4,1.0177279710769653,False,True
1024,16,vmm_paged,28,4,1.0191359519958496,False,True
1024,16,contiguous,28,5,1.0160000324249268,False,True
1024,16,vmm_paged,28,5,1.022047996520996,False,True
1024,16,contiguous,28,6,1.020416021347046,False,True
1024,16,vmm_paged,28,6,1.0249279737472534,False,True
1024,16,contiguous,28,7,1.0215040445327759,False,True
1024,16,vmm_paged,28,7,1.0200639963150024,False,True
1024,16,contiguous,28,8,1.0236799716949463,False,True
1024,16,vmm_paged,28,8,1.0195519924163818,False,True
1024,16,contiguous,28,9,1.0648959875106812,False,True
1024,16,vmm_paged,28,9,1.0147520303726196,False,True
1024,16,contiguous,28,10,1.0210880041122437,False,True
1024,16,vmm_paged,28,10,1.0280319452285767,False,True
1024,16,contiguous,28,11,1.0188159942626953,False,True
1024,16,vmm_paged,28,11,1.1482239961624146,False,True
1024,16,contiguous,28,12,1.049407958984375,False,True
1024,16,vmm_paged,28,12,1.0189759731292725,False,True
1024,16,contiguous,28,13,1.0206079483032227,False,True
1024,16,vmm_paged,28,13,1.0165760517120361,False,True
1024,16,contiguous,28,14,1.0136640071868896,False,True
1024,16,vmm_paged,28,14,1.0160959959030151,False,True
1024,16,contiguous,28,15,1.015328049659729,False,True
1024,16,vmm_paged,28,15,1.0472639799118042,False,True
1024,16,contiguous,28,16,1.0207040309906006,False,True
1024,16,vmm_paged,28,16,1.018239974975586,False,True
1024,16,contiguous,28,17,1.0133119821548462,False,True
1024,16,vmm_paged,28,17,1.014016032218933,False,True
1024,16,contiguous,28,18,1.0100159645080566,False,True
1024,16,vmm_paged,28,18,1.0106879472732544,False,True
1024,16,contiguous,28,19,1.0149120092391968,False,True
1024,16,vmm_paged,28,19,1.0660799741744995,False,True
1024,16,contiguous,28,20,1.1844160556793213,False,True
1024,16,vmm_paged,28,20,1.0183360576629639,False,True
1024,16,contiguous,28,21,1.0182080268859863,False,True
1024,16,vmm_paged,28,21,1.0103039741516113,False,True
1024,16,contiguous,28,22,1.014016032218933,False,True
1024,16,vmm_paged,28,22,1.0111360549926758,False,True
1024,16,contiguous,28,23,1.0095360279083252,False,True
1024,16,vmm_paged,28,23,1.0142719745635986,False,True
1024,16,contiguous,28,24,1.0103360414505005,False,True
1024,16,vmm_paged,28,24,1.0397759675979614,False,True
1024,16,contiguous,28,25,1.0131839513778687,False,True
1024,16,vmm_paged,28,25,1.0191999673843384,False,True
1024,16,contiguous,28,26,1.012287974357605,False,True
1024,16,vmm_paged,28,26,1.015712022781372,False,True
1024,16,contiguous,28,27,1.0345280170440674,False,True
1024,16,vmm_paged,28,27,1.0185920000076294,False,True
1024,16,contiguous,28,28,1.0380159616470337,False,True
1024,16,vmm_paged,28,28,1.0620800256729126,False,True
1024,16,contiguous,28,29,1.0401599407196045,False,True
1024,16,vmm_paged,28,29,1.0198719501495361,False,True
1024,32,contiguous,28,0,1.0566719770431519,False,True
1024,32,vmm_paged,28,0,1.0304960012435913,False,True
1024,32,contiguous,28,1,1.0202560424804688,False,True
1024,32,vmm_paged,28,1,1.0246399641036987,False,True
1024,32,contiguous,28,2,1.0295679569244385,False,True
1024,32,vmm_paged,28,2,1.0224000215530396,False,True
1024,32,contiguous,28,3,1.0590720176696777,False,True
1024,32,vmm_paged,28,3,1.0187519788742065,False,True
1024,32,contiguous,28,4,1.0697920322418213,False,True
1024,32,vmm_paged,28,4,1.0195519924163818,False,True
1024,32,contiguous,28,5,1.0149760246276855,False,True
1024,32,vmm_paged,28,5,1.021407961845398,False,True
1024,32,contiguous,28,6,1.018847942352295,False,True
1024,32,vmm_paged,28,6,1.0136959552764893,False,True
1024,32,contiguous,28,7,1.0119999647140503,False,True
1024,32,vmm_paged,28,7,1.008895993232727,False,True
1024,32,contiguous,28,8,1.014016032218933,False,True
1024,32,vmm_paged,28,8,1.0091520547866821,False,True
1024,32,contiguous,28,9,1.0130879878997803,False,True
1024,32,vmm_paged,28,9,1.0157439708709717,False,True
1024,32,contiguous,28,10,1.0215040445327759,False,True
1024,32,vmm_paged,28,10,1.0288000106811523,False,True
1024,32,contiguous,28,11,1.0162240266799927,False,True
1024,32,vmm_paged,28,11,1.0200320482254028,False,True
1024,32,contiguous,28,12,1.0156160593032837,False,True
1024,32,vmm_paged,28,12,1.0227839946746826,False,True
1024,32,contiguous,28,13,1.0155199766159058,False,True
1024,32,vmm_paged,28,13,1.012895941734314,False,True
1024,32,contiguous,28,14,1.0126399993896484,False,True
1024,32,vmm_paged,28,14,1.0162240266799927,False,True
1024,32,contiguous,28,15,1.0178560018539429,False,True
1024,32,vmm_paged,28,15,1.0205440521240234,False,True
1024,32,contiguous,28,16,1.016543984413147,False,True
1024,32,vmm_paged,28,16,1.055616021156311,False,True
1024,32,contiguous,28,17,1.014240026473999,False,True
1024,32,vmm_paged,28,17,1.0144000053405762,False,True
1024,32,contiguous,28,18,1.0411200523376465,False,True
1024,32,vmm_paged,28,18,1.0234240293502808,False,True
1024,32,contiguous,28,19,1.0199999809265137,False,True
1024,32,vmm_paged,28,19,1.0369600057601929,False,True
1024,32,contiguous,28,20,1.0157439708709717,False,True
1024,32,vmm_paged,28,20,1.0172480344772339,False,True
1024,32,contiguous,28,21,1.0168960094451904,False,True
1024,32,vmm_paged,28,21,1.0441919565200806,False,True
1024,32,contiguous,28,22,1.0281280279159546,False,True
1024,32,vmm_paged,28,22,1.0494400262832642,False,True
1024,32,contiguous,28,23,1.028831958770752,False,True
1024,32,vmm_paged,28,23,1.0845760107040405,False,True
1024,32,contiguous,28,24,1.0407040119171143,False,True
1024,32,vmm_paged,28,24,1.0281599760055542,False,True
1024,32,contiguous,28,25,1.0185600519180298,False,True
1024,32,vmm_paged,28,25,1.0223040580749512,False,True
1024,32,contiguous,28,26,1.0230720043182373,False,True
1024,32,vmm_paged,28,26,1.0200639963150024,False,True
1024,32,contiguous,28,27,1.057055950164795,False,True
1024,32,vmm_paged,28,27,1.0261119604110718,False,True
1024,32,contiguous,28,28,1.0313600301742554,False,True
1024,32,vmm_paged,28,28,1.0219839811325073,False,True
1024,32,contiguous,28,29,1.0204479694366455,False,True
1024,32,vmm_paged,28,29,1.0209280252456665,False,True
1024,64,contiguous,28,0,1.0487040281295776,False,True
1024,64,vmm_paged,28,0,1.0478399991989136,False,True
1024,64,contiguous,28,1,1.0288000106811523,False,True
1024,64,vmm_paged,28,1,1.0272959470748901,False,True
1024,64,contiguous,28,2,1.0469119548797607,False,True
1024,64,vmm_paged,28,2,1.0499839782714844,False,True
1024,64,contiguous,28,3,1.0628160238265991,False,True
1024,64,vmm_paged,28,3,1.0372159481048584,False,True
1024,64,contiguous,28,4,1.0213439464569092,False,True
1024,64,vmm_paged,28,4,1.0292160511016846,False,True
1024,64,contiguous,28,5,1.0247999429702759,False,True
1024,64,vmm_paged,28,5,1.0343999862670898,False,True
1024,64,contiguous,28,6,1.0394560098648071,False,True
1024,64,vmm_paged,28,6,1.0233279466629028,False,True
1024,64,contiguous,28,7,1.0269440412521362,False,True
1024,64,vmm_paged,28,7,1.0328960418701172,False,True
1024,64,contiguous,28,8,1.021888017654419,False,True
1024,64,vmm_paged,28,8,1.0276800394058228,False,True
1024,64,contiguous,28,9,1.030527949333191,False,True
1024,64,vmm_paged,28,9,1.0291839838027954,False,True
1024,64,contiguous,28,10,1.0235199928283691,False,True
1024,64,vmm_paged,28,10,1.2957439422607422,False,True
1024,64,contiguous,28,11,1.1141760349273682,False,True
1024,64,vmm_paged,28,11,1.0685440301895142,False,True
1024,64,contiguous,28,12,1.0223040580749512,False,True
1024,64,vmm_paged,28,12,1.0502079725265503,False,True
1024,64,contiguous,28,13,1.0181440114974976,False,True
1024,64,vmm_paged,28,13,1.0233279466629028,False,True
1024,64,contiguous,28,14,1.0514559745788574,False,True
1024,64,vmm_paged,28,14,1.022495985031128,False,True
1024,64,contiguous,28,15,1.0213760137557983,False,True
1024,64,vmm_paged,28,15,1.0271999835968018,False,True
1024,64,contiguous,28,16,1.0143040418624878,False,True
1024,64,vmm_paged,28,16,1.0242559909820557,False,True
1024,64,contiguous,28,17,1.0263680219650269,False,True
1024,64,vmm_paged,28,17,1.0241279602050781,False,True
1024,64,contiguous,28,18,1.0289920568466187,False,True
1024,64,vmm_paged,28,18,1.0283199548721313,False,True
1024,64,contiguous,28,19,1.021440029144287,False,True
1024,64,vmm_paged,28,19,1.0315519571304321,False,True
1024,64,contiguous,28,20,1.0241279602050781,False,True
1024,64,vmm_paged,28,20,1.0234240293502808,False,True
1024,64,contiguous,28,21,1.1163519620895386,False,True
1024,64,vmm_paged,28,21,1.033344030380249,False,True
1024,64,contiguous,28,22,1.0240960121154785,False,True
1024,64,vmm_paged,28,22,1.0142719745635986,False,True
1024,64,contiguous,28,23,1.0175039768218994,False,True
1024,64,vmm_paged,28,23,1.0214719772338867,False,True
1024,64,contiguous,28,24,1.028480052947998,False,True
1024,64,vmm_paged,28,24,1.0257600545883179,False,True
1024,64,contiguous,28,25,1.0202239751815796,False,True
1024,64,vmm_paged,28,25,1.0251840353012085,False,True
1024,64,contiguous,28,26,1.022528052330017,False,True
1024,64,vmm_paged,28,26,1.027359962463379,False,True
1024,64,contiguous,28,27,1.0147839784622192,False,True
1024,64,vmm_paged,28,27,1.018720030784607,False,True
1024,64,contiguous,28,28,1.0324159860610962,False,True
1024,64,vmm_paged,28,28,1.0371520519256592,False,True
1024,64,contiguous,28,29,1.036255955696106,False,True
1024,64,vmm_paged,28,29,1.0251840353012085,False,True
2048,1,contiguous,28,0,1.3711680173873901,False,True
2048,1,vmm_paged,28,0,1.308608055114746,False,True
2048,1,contiguous,28,1,1.304800033569336,False,True
2048,1,vmm_paged,28,1,1.2944639921188354,False,True
2048,1,contiguous,28,2,1.3111679553985596,False,True
2048,1,vmm_paged,28,2,1.2948479652404785,False,True
2048,1,contiguous,28,3,1.3096959590911865,False,True
2048,1,vmm_paged,28,3,1.2981120347976685,False,True
2048,1,contiguous,28,4,1.315392017364502,False,True
2048,1,vmm_paged,28,4,1.2976319789886475,False,True
2048,1,contiguous,28,5,1.3125439882278442,False,True
2048,1,vmm_paged,28,5,1.2920639514923096,False,True
2048,1,contiguous,28,6,1.2913600206375122,False,True
2048,1,vmm_paged,28,6,1.2887359857559204,False,True
2048,1,contiguous,28,7,1.3116480112075806,False,True
2048,1,vmm_paged,28,7,1.2834559679031372,False,True
2048,1,contiguous,28,8,1.3059519529342651,False,True
2048,1,vmm_paged,28,8,1.397312045097351,False,True
2048,1,contiguous,28,9,1.4463679790496826,False,True
2048,1,vmm_paged,28,9,1.292639970779419,False,True
2048,1,contiguous,28,10,1.298975944519043,False,True
2048,1,vmm_paged,28,10,1.2925759553909302,False,True
2048,1,contiguous,28,11,1.301632046699524,False,True
2048,1,vmm_paged,28,11,1.2889599800109863,False,True
2048,1,contiguous,28,12,1.3021119832992554,False,True
2048,1,vmm_paged,28,12,1.2875839471817017,False,True
2048,1,contiguous,28,13,1.2940800189971924,False,True
2048,1,vmm_paged,28,13,1.2883199453353882,False,True
2048,1,contiguous,28,14,1.2956479787826538,False,True
2048,1,vmm_paged,28,14,1.2859200239181519,False,True
2048,1,contiguous,28,15,1.3019520044326782,False,True
2048,1,vmm_paged,28,15,1.2887680530548096,False,True
2048,1,contiguous,28,16,1.305791974067688,False,True
2048,1,vmm_paged,28,16,1.2922559976577759,False,True
2048,1,contiguous,28,17,1.3064320087432861,False,True
2048,1,vmm_paged,28,17,1.285215973854065,False,True
2048,1,contiguous,28,18,1.3022719621658325,False,True
2048,1,vmm_paged,28,18,1.2989439964294434,False,True
2048,1,contiguous,28,19,1.306272029876709,False,True
2048,1,vmm_paged,28,19,1.2908480167388916,False,True
2048,1,contiguous,28,20,1.30457603931427,False,True
2048,1,vmm_paged,28,20,1.2925759553909302,False,True
2048,1,contiguous,28,21,1.2962559461593628,False,True
2048,1,vmm_paged,28,21,1.293887972831726,False,True
2048,1,contiguous,28,22,1.3018239736557007,False,True
2048,1,vmm_paged,28,22,1.2886719703674316,False,True
2048,1,contiguous,28,23,1.2963199615478516,False,True
2048,1,vmm_paged,28,23,1.2927039861679077,False,True
2048,1,contiguous,28,24,1.3037439584732056,False,True
2048,1,vmm_paged,28,24,1.320863962173462,False,True
2048,1,contiguous,28,25,1.3088959455490112,False,True
2048,1,vmm_paged,28,25,1.2861759662628174,False,True
2048,1,contiguous,28,26,1.322816014289856,False,True
2048,1,vmm_paged,28,26,1.287168025970459,False,True
2048,1,contiguous,28,27,1.3033599853515625,False,True
2048,1,vmm_paged,28,27,1.3041280508041382,False,True
2048,1,contiguous,28,28,1.3041599988937378,False,True
2048,1,vmm_paged,28,28,1.2909760475158691,False,True
2048,1,contiguous,28,29,1.3108479976654053,False,True
2048,1,vmm_paged,28,29,1.2933119535446167,False,True
2048,4,contiguous,28,0,1.4088959693908691,False,True
2048,4,vmm_paged,28,0,1.3556159734725952,False,True
2048,4,contiguous,28,1,1.3500479459762573,False,True
2048,4,vmm_paged,28,1,1.347551941871643,False,True
2048,4,contiguous,28,2,1.3551039695739746,False,True
2048,4,vmm_paged,28,2,1.3481600284576416,False,True
2048,4,contiguous,28,3,1.358016014099121,False,True
2048,4,vmm_paged,28,3,1.351423978805542,False,True
2048,4,contiguous,28,4,1.3397760391235352,False,True
2048,4,vmm_paged,28,4,1.3474880456924438,False,True
2048,4,contiguous,28,5,1.3464000225067139,False,True
2048,4,vmm_paged,28,5,1.3473600149154663,False,True
2048,4,contiguous,28,6,1.3536959886550903,False,True
2048,4,vmm_paged,28,6,1.346783995628357,False,True
2048,4,contiguous,28,7,1.3623039722442627,False,True
2048,4,vmm_paged,28,7,1.348863959312439,False,True
2048,4,contiguous,28,8,1.349727988243103,False,True
2048,4,vmm_paged,28,8,1.3501440286636353,False,True
2048,4,contiguous,28,9,1.3460479974746704,False,True
2048,4,vmm_paged,28,9,1.3464319705963135,False,True
2048,4,contiguous,28,10,1.3504960536956787,False,True
2048,4,vmm_paged,28,10,1.348479986190796,False,True
2048,4,contiguous,28,11,1.3482240438461304,False,True
2048,4,vmm_paged,28,11,1.3506879806518555,False,True
2048,4,contiguous,28,12,1.348031997680664,False,True
2048,4,vmm_paged,28,12,1.3498560190200806,False,True
2048,4,contiguous,28,13,1.3489279747009277,False,True
2048,4,vmm_paged,28,13,1.3509440422058105,False,True
2048,4,contiguous,28,14,1.3500159978866577,False,True
2048,4,vmm_paged,28,14,1.3462719917297363,False,True
2048,4,contiguous,28,15,1.3493119478225708,False,True
2048,4,vmm_paged,28,15,1.3460160493850708,False,True
2048,4,contiguous,28,16,1.3478080034255981,False,True
2048,4,vmm_paged,28,16,1.351423978805542,False,True
2048,4,contiguous,28,17,1.3487039804458618,False,True
2048,4,vmm_paged,28,17,1.3471360206604004,False,True
2048,4,contiguous,28,18,1.3591680526733398,False,True
2048,4,vmm_paged,28,18,1.3513599634170532,False,True
2048,4,contiguous,28,19,1.3528319597244263,False,True
2048,4,vmm_paged,28,19,1.3497600555419922,False,True
2048,4,contiguous,28,20,1.3467520475387573,False,True
2048,4,vmm_paged,28,20,1.348736047744751,False,True
2048,4,contiguous,28,21,1.3469120264053345,False,True
2048,4,vmm_paged,28,21,1.366655945777893,False,True
2048,4,contiguous,28,22,1.3481919765472412,False,True
2048,4,vmm_paged,28,22,1.4256960153579712,False,True
2048,4,contiguous,28,23,1.3548799753189087,False,True
2048,4,vmm_paged,28,23,1.3467520475387573,False,True
2048,4,contiguous,28,24,1.3464319705963135,False,True
2048,4,vmm_paged,28,24,1.3477120399475098,False,True
2048,4,contiguous,28,25,1.3486080169677734,False,True
2048,4,vmm_paged,28,25,1.3510080575942993,False,True
2048,4,contiguous,28,26,1.3462079763412476,False,True
2048,4,vmm_paged,28,26,1.3439040184020996,False,True
2048,4,contiguous,28,27,1.3521920442581177,False,True
2048,4,vmm_paged,28,27,1.3474559783935547,False,True
2048,4,contiguous,28,28,1.3461439609527588,False,True
2048,4,vmm_paged,28,28,1.3475840091705322,False,True
2048,4,contiguous,28,29,1.3496639728546143,False,True
2048,4,vmm_paged,28,29,1.3506560325622559,False,True
2048,8,contiguous,28,0,1.3950400352478027,False,True
2048,8,vmm_paged,28,0,1.351680040359497,False,True
2048,8,contiguous,28,1,1.3580479621887207,False,True
2048,8,vmm_paged,28,1,1.3564159870147705,False,True
2048,8,contiguous,28,2,1.37772798538208,False,True
2048,8,vmm_paged,28,2,1.355679988861084,False,True
2048,8,contiguous,28,3,1.3528000116348267,False,True
2048,8,vmm_paged,28,3,1.3569600582122803,False,True
2048,8,contiguous,28,4,1.3624000549316406,False,True
2048,8,vmm_paged,28,4,1.3570239543914795,False,True
2048,8,contiguous,28,5,1.3594880104064941,False,True
2048,8,vmm_paged,28,5,1.3500479459762573,False,True
2048,8,contiguous,28,6,1.3578879833221436,False,True
2048,8,vmm_paged,28,6,1.3500159978866577,False,True
2048,8,contiguous,28,7,1.3574719429016113,False,True
2048,8,vmm_paged,28,7,1.3549760580062866,False,True
2048,8,contiguous,28,8,1.3586560487747192,False,True
2048,8,vmm_paged,28,8,1.3690240383148193,False,True
2048,8,contiguous,28,9,1.3574399948120117,False,True
2048,8,vmm_paged,28,9,1.347551941871643,False,True
2048,8,contiguous,28,10,1.3641599416732788,False,True
2048,8,vmm_paged,28,10,1.3543039560317993,False,True
2048,8,contiguous,28,11,1.352128028869629,False,True
2048,8,vmm_paged,28,11,1.3600000143051147,False,True
2048,8,contiguous,28,12,1.356063961982727,False,True
2048,8,vmm_paged,28,12,1.3567039966583252,False,True
2048,8,contiguous,28,13,1.3564480543136597,False,True
2048,8,vmm_paged,28,13,1.346783995628357,False,True
2048,8,contiguous,28,14,1.3559679985046387,False,True
2048,8,vmm_paged,28,14,1.351199984550476,False,True
2048,8,contiguous,28,15,1.373695969581604,False,True
2048,8,vmm_paged,28,15,1.3533120155334473,False,True
2048,8,contiguous,28,16,1.3612799644470215,False,True
2048,8,vmm_paged,28,16,1.3534719944000244,False,True
2048,8,contiguous,28,17,1.3583040237426758,False,True
2048,8,vmm_paged,28,17,1.3552639484405518,False,True
2048,8,contiguous,28,18,1.3601919412612915,False,True
2048,8,vmm_paged,28,18,1.3486720323562622,False,True
2048,8,contiguous,28,19,1.3588800430297852,False,True
2048,8,vmm_paged,28,19,1.3491840362548828,False,True
2048,8,contiguous,28,20,1.3517440557479858,False,True
2048,8,vmm_paged,28,20,1.3541439771652222,False,True
2048,8,contiguous,28,21,1.354848027229309,False,True
2048,8,vmm_paged,28,21,1.363808035850525,False,True
2048,8,contiguous,28,22,1.3570879697799683,False,True
2048,8,vmm_paged,28,22,1.3502720594406128,False,True
2048,8,contiguous,28,23,1.3557440042495728,False,True
2048,8,vmm_paged,28,23,1.352288007736206,False,True
2048,8,contiguous,28,24,1.3511359691619873,False,True
2048,8,vmm_paged,28,24,1.3570560216903687,False,True
2048,8,contiguous,28,25,1.3579200506210327,False,True
2048,8,vmm_paged,28,25,1.353600025177002,False,True
2048,8,contiguous,28,26,1.3550399541854858,False,True
2048,8,vmm_paged,28,26,1.347551941871643,False,True
2048,8,contiguous,28,27,1.3557759523391724,False,True
2048,8,vmm_paged,28,27,1.3461439609527588,False,True
2048,8,contiguous,28,28,1.3549760580062866,False,True
2048,8,vmm_paged,28,28,1.3525760173797607,False,True
2048,8,contiguous,28,29,1.356544017791748,False,True
2048,8,vmm_paged,28,29,1.352288007736206,False,True
2048,16,contiguous,28,0,1.4320319890975952,False,True
2048,16,vmm_paged,28,0,1.3668160438537598,False,True
2048,16,contiguous,28,1,1.3594239950180054,False,True
2048,16,vmm_paged,28,1,1.3546240329742432,False,True
2048,16,contiguous,28,2,1.3863680362701416,False,True
2048,16,vmm_paged,28,2,1.3548799753189087,False,True
2048,16,contiguous,28,3,1.3648320436477661,False,True
2048,16,vmm_paged,28,3,1.362239956855774,False,True
2048,16,contiguous,28,4,1.357983946800232,False,True
2048,16,vmm_paged,28,4,1.3575359582901,False,True
2048,16,contiguous,28,5,1.359552025794983,False,True
2048,16,vmm_paged,28,5,1.3710399866104126,False,True
2048,16,contiguous,28,6,1.351904034614563,False,True
2048,16,vmm_paged,28,6,1.3553279638290405,False,True
2048,16,contiguous,28,7,1.3612480163574219,False,True
2048,16,vmm_paged,28,7,1.3527679443359375,False,True
2048,16,contiguous,28,8,1.5389440059661865,False,True
2048,16,vmm_paged,28,8,1.4068479537963867,False,True
2048,16,contiguous,28,9,1.3609600067138672,False,True
2048,16,vmm_paged,28,9,1.3606079816818237,False,True
2048,16,contiguous,28,10,1.3574719429016113,False,True
2048,16,vmm_paged,28,10,1.3596160411834717,False,True
2048,16,contiguous,28,11,1.3610559701919556,False,True
2048,16,vmm_paged,28,11,1.3533439636230469,False,True
2048,16,contiguous,28,12,1.3571840524673462,False,True
2048,16,vmm_paged,28,12,1.3632320165634155,False,True
2048,16,contiguous,28,13,1.3601919412612915,False,True
2048,16,vmm_paged,28,13,1.3552639484405518,False,True
2048,16,contiguous,28,14,1.3540480136871338,False,True
2048,16,vmm_paged,28,14,1.3567039966583252,False,True
2048,16,contiguous,28,15,1.3582719564437866,False,True
2048,16,vmm_paged,28,15,1.3722879886627197,False,True
2048,16,contiguous,28,16,1.3570879697799683,False,True
2048,16,vmm_paged,28,16,1.3485440015792847,False,True
2048,16,contiguous,28,17,1.3655359745025635,False,True
2048,16,vmm_paged,28,17,1.3667839765548706,False,True
2048,16,contiguous,28,18,1.3551679849624634,False,True
2048,16,vmm_paged,28,18,1.3604799509048462,False,True
2048,16,contiguous,28,19,1.3550399541854858,False,True
2048,16,vmm_paged,28,19,1.3536959886550903,False,True
2048,16,contiguous,28,20,1.3538559675216675,False,True
2048,16,vmm_paged,28,20,1.3562239408493042,False,True
2048,16,contiguous,28,21,1.3602880239486694,False,True
2048,16,vmm_paged,28,21,1.355455994606018,False,True
2048,16,contiguous,28,22,1.3707200288772583,False,True
2048,16,vmm_paged,28,22,1.357632040977478,False,True
2048,16,contiguous,28,23,1.3594239950180054,False,True
2048,16,vmm_paged,28,23,1.3572479486465454,False,True
2048,16,contiguous,28,24,1.3623360395431519,False,True
2048,16,vmm_paged,28,24,1.352255940437317,False,True
2048,16,contiguous,28,25,1.3622080087661743,False,True
2048,16,vmm_paged,28,25,1.3532160520553589,False,True
2048,16,contiguous,28,26,1.361024022102356,False,True
2048,16,vmm_paged,28,26,1.3503680229187012,False,True
2048,16,contiguous,28,27,1.3552000522613525,False,True
2048,16,vmm_paged,28,27,1.3577280044555664,False,True
2048,16,contiguous,28,28,1.360416054725647,False,True
2048,16,vmm_paged,28,28,1.3739839792251587,False,True
2048,16,contiguous,28,29,1.3623679876327515,False,True
2048,16,vmm_paged,28,29,1.3508479595184326,False,True
2048,32,contiguous,28,0,1.4154239892959595,False,True
2048,32,vmm_paged,28,0,1.3597760200500488,False,True
2048,32,contiguous,28,1,1.349951982498169,False,True
2048,32,vmm_paged,28,1,1.3563519716262817,False,True
2048,32,contiguous,28,2,1.3555840253829956,False,True
2048,32,vmm_paged,28,2,1.3607360124588013,False,True
2048,32,contiguous,28,3,1.3509119749069214,False,True
2048,32,vmm_paged,28,3,1.352992057800293,False,True
2048,32,contiguous,28,4,1.3580479621887207,False,True
2048,32,vmm_paged,28,4,1.3565119504928589,False,True
2048,32,contiguous,28,5,1.3551039695739746,False,True
2048,32,vmm_paged,28,5,1.3560320138931274,False,True
2048,32,contiguous,28,6,1.3516160249710083,False,True
2048,32,vmm_paged,28,6,1.370527982711792,False,True
2048,32,contiguous,28,7,1.355072021484375,False,True
2048,32,vmm_paged,28,7,1.3568639755249023,False,True
2048,32,contiguous,28,8,1.3561279773712158,False,True
2048,32,vmm_paged,28,8,1.3554879426956177,False,True
2048,32,contiguous,28,9,1.3520959615707397,False,True
2048,32,vmm_paged,28,9,1.3575680255889893,False,True
2048,32,contiguous,28,10,1.356768012046814,False,True
2048,32,vmm_paged,28,10,1.353119969367981,False,True
2048,32,contiguous,28,11,1.3506239652633667,False,True
2048,32,vmm_paged,28,11,1.3507839441299438,False,True
2048,32,contiguous,28,12,1.3591359853744507,False,True
2048,32,vmm_paged,28,12,1.3567039966583252,False,True
2048,32,contiguous,28,13,1.375264048576355,False,True
2048,32,vmm_paged,28,13,1.36188805103302,False,True
2048,32,contiguous,28,14,1.3603520393371582,False,True
2048,32,vmm_paged,28,14,1.3743679523468018,False,True
2048,32,contiguous,28,15,1.351647973060608,False,True
2048,32,vmm_paged,28,15,1.3537919521331787,False,True
2048,32,contiguous,28,16,1.3603520393371582,False,True
2048,32,vmm_paged,28,16,1.3572479486465454,False,True
2048,32,contiguous,28,17,1.3574399948120117,False,True
2048,32,vmm_paged,28,17,1.3454079627990723,False,True
2048,32,contiguous,28,18,1.3544000387191772,False,True
2048,32,vmm_paged,28,18,1.357632040977478,False,True
2048,32,contiguous,28,19,1.3594239950180054,False,True
2048,32,vmm_paged,28,19,1.366976022720337,False,True
2048,32,contiguous,28,20,1.3535679578781128,False,True
2048,32,vmm_paged,28,20,1.350208044052124,False,True
2048,32,contiguous,28,21,1.359552025794983,False,True
2048,32,vmm_paged,28,21,1.3489279747009277,False,True
2048,32,contiguous,28,22,1.3605760335922241,False,True
2048,32,vmm_paged,28,22,1.4327679872512817,False,True
2048,32,contiguous,28,23,1.3773119449615479,False,True
2048,32,vmm_paged,28,23,1.3570879697799683,False,True
2048,32,contiguous,28,24,1.3527679443359375,False,True
2048,32,vmm_paged,28,24,1.362272024154663,False,True
2048,32,contiguous,28,25,1.3557440042495728,False,True
2048,32,vmm_paged,28,25,1.3509119749069214,False,True
2048,32,contiguous,28,26,1.3575040102005005,False,True
2048,32,vmm_paged,28,26,1.358016014099121,False,True
2048,32,contiguous,28,27,1.3572160005569458,False,True
2048,32,vmm_paged,28,27,1.3601919412612915,False,True
2048,32,contiguous,28,28,1.3541439771652222,False,True
2048,32,vmm_paged,28,28,1.3561279773712158,False,True
2048,32,contiguous,28,29,1.3556159734725952,False,True
2048,32,vmm_paged,28,29,1.3552639484405518,False,True
2048,64,contiguous,28,0,1.386944055557251,False,True
2048,64,vmm_paged,28,0,1.3467199802398682,False,True
2048,64,contiguous,28,1,1.35043203830719,False,True
2048,64,vmm_paged,28,1,1.3480000495910645,False,True
2048,64,contiguous,28,2,1.3423360586166382,False,True
2048,64,vmm_paged,28,2,1.3523839712142944,False,True
2048,64,contiguous,28,3,1.3479360342025757,False,True
2048,64,vmm_paged,28,3,1.3638399839401245,False,True
2048,64,contiguous,28,4,1.3514560461044312,False,True
2048,64,vmm_paged,28,4,1.3460160493850708,False,True
2048,64,contiguous,28,5,1.3463040590286255,False,True
2048,64,vmm_paged,28,5,1.3714239597320557,False,True
2048,64,contiguous,28,6,1.3451839685440063,False,True
2048,64,vmm_paged,28,6,1.3487999439239502,False,True
2048,64,contiguous,28,7,1.349984049797058,False,True
2048,64,vmm_paged,28,7,1.3531839847564697,False,True
2048,64,contiguous,28,8,1.3486080169677734,False,True
2048,64,vmm_paged,28,8,1.3451839685440063,False,True
2048,64,contiguous,28,9,1.3468480110168457,False,True
2048,64,vmm_paged,28,9,1.3449920415878296,False,True
2048,64,contiguous,28,10,1.3492159843444824,False,True
2048,64,vmm_paged,28,10,1.3485440015792847,False,True
2048,64,contiguous,28,11,1.348479986190796,False,True
2048,64,vmm_paged,28,11,1.3510719537734985,False,True
2048,64,contiguous,28,12,1.3480639457702637,False,True
2048,64,vmm_paged,28,12,1.343008041381836,False,True
2048,64,contiguous,28,13,1.3492799997329712,False,True
2048,64,vmm_paged,28,13,1.3470720052719116,False,True
2048,64,contiguous,28,14,1.347424030303955,False,True
2048,64,vmm_paged,28,14,1.3551679849624634,False,True
2048,64,contiguous,28,15,1.3491840362548828,False,True
2048,64,vmm_paged,28,15,1.3506239652633667,False,True
2048,64,contiguous,28,16,1.3463040590286255,False,True
2048,64,vmm_paged,28,16,1.3442879915237427,False,True
2048,64,contiguous,28,17,1.3460160493850708,False,True
2048,64,vmm_paged,28,17,1.3483840227127075,False,True
2048,64,contiguous,28,18,1.3447680473327637,False,True
2048,64,vmm_paged,28,18,1.3497600555419922,False,True
2048,64,contiguous,28,19,1.346560001373291,False,True
2048,64,vmm_paged,28,19,1.3526400327682495,False,True
2048,64,contiguous,28,20,1.3468799591064453,False,True
2048,64,vmm_paged,28,20,1.3446400165557861,False,True
2048,64,contiguous,28,21,1.3511680364608765,False,True
2048,64,vmm_paged,28,21,1.3443200588226318,False,True
2048,64,contiguous,28,22,1.3457599878311157,False,True
2048,64,vmm_paged,28,22,1.3513599634170532,False,True
2048,64,contiguous,28,23,1.3445119857788086,False,True
2048,64,vmm_paged,28,23,1.3551360368728638,False,True
2048,64,contiguous,28,24,1.3462400436401367,False,True
2048,64,vmm_paged,28,24,1.3483840227127075,False,True
2048,64,contiguous,28,25,1.3455679416656494,False,True
2048,64,vmm_paged,28,25,1.3449599742889404,False,True
2048,64,contiguous,28,26,1.3449920415878296,False,True
2048,64,vmm_paged,28,26,1.3459199666976929,False,True
2048,64,contiguous,28,27,1.3462079763412476,False,True
2048,64,vmm_paged,28,27,1.3529280424118042,False,True
2048,64,contiguous,28,28,1.3555519580841064,False,True
2048,64,vmm_paged,28,28,1.348479986190796,False,True
2048,64,contiguous,28,29,1.348512053489685,False,True
2048,64,vmm_paged,28,29,1.3477760553359985,False,True
4096,1,contiguous,28,0,2.7650558948516846,False,True
4096,1,vmm_paged,28,0,2.7268800735473633,False,True
4096,1,contiguous,28,1,2.72108793258667,False,True
4096,1,vmm_paged,28,1,2.7259840965270996,False,True
4096,1,contiguous,28,2,2.7206079959869385,False,True
4096,1,vmm_paged,28,2,2.7184319496154785,False,True
4096,1,contiguous,28,3,2.7140159606933594,False,True
4096,1,vmm_paged,28,3,2.720319986343384,False,True
4096,1,contiguous,28,4,2.7145280838012695,False,True
4096,1,vmm_paged,28,4,2.7179839611053467,False,True
4096,1,contiguous,28,5,2.7164480686187744,False,True
4096,1,vmm_paged,28,5,2.7195520401000977,False,True
4096,1,contiguous,28,6,2.7126400470733643,False,True
4096,1,vmm_paged,28,6,2.7186241149902344,False,True
4096,1,contiguous,28,7,2.711711883544922,False,True
4096,1,vmm_paged,28,7,2.7213120460510254,False,True
4096,1,contiguous,28,8,2.7172799110412598,False,True
4096,1,vmm_paged,28,8,2.7228479385375977,False,True
4096,1,contiguous,28,9,2.7102720737457275,False,True
4096,1,vmm_paged,28,9,2.7171521186828613,False,True
4096,1,contiguous,28,10,2.7122559547424316,False,True
4096,1,vmm_paged,28,10,2.722368001937866,False,True
4096,1,contiguous,28,11,2.717535972595215,False,True
4096,1,vmm_paged,28,11,2.716639995574951,False,True
4096,1,contiguous,28,12,2.715775966644287,False,True
4096,1,vmm_paged,28,12,2.715104103088379,False,True
4096,1,contiguous,28,13,2.7110719680786133,False,True
4096,1,vmm_paged,28,13,2.717695951461792,False,True
4096,1,contiguous,28,14,2.7097599506378174,False,True
4096,1,vmm_paged,28,14,2.718816041946411,False,True
4096,1,contiguous,28,15,2.709183931350708,False,True
4096,1,vmm_paged,28,15,2.716928005218506,False,True
4096,1,contiguous,28,16,2.711359977722168,False,True
4096,1,vmm_paged,28,16,2.7294719219207764,False,True
4096,1,contiguous,28,17,2.7193920612335205,False,True
4096,1,vmm_paged,28,17,2.7158079147338867,False,True
4096,1,contiguous,28,18,2.7131199836730957,False,True
4096,1,vmm_paged,28,18,2.72271990776062,False,True
4096,1,contiguous,28,19,2.7149438858032227,False,True
4096,1,vmm_paged,28,19,2.7219200134277344,False,True
4096,1,contiguous,28,20,2.711199998855591,False,True
4096,1,vmm_paged,28,20,2.7143681049346924,False,True
4096,1,contiguous,28,21,2.708064079284668,False,True
4096,1,vmm_paged,28,21,2.71942400932312,False,True
4096,1,contiguous,28,22,2.7114241123199463,False,True
4096,1,vmm_paged,28,22,2.7174720764160156,False,True
4096,1,contiguous,28,23,2.7105278968811035,False,True
4096,1,vmm_paged,28,23,2.7173120975494385,False,True
4096,1,contiguous,28,24,2.7115519046783447,False,True
4096,1,vmm_paged,28,24,2.715359926223755,False,True
4096,1,contiguous,28,25,2.711967945098877,False,True
4096,1,vmm_paged,28,25,2.7171199321746826,False,True
4096,1,contiguous,28,26,2.7107839584350586,False,True
4096,1,vmm_paged,28,26,2.716032028198242,False,True
4096,1,contiguous,28,27,2.7153921127319336,False,True
4096,1,vmm_paged,28,27,2.7179839611053467,False,True
4096,1,contiguous,28,28,2.7119998931884766,False,True
4096,1,vmm_paged,28,28,2.717344045639038,False,True
4096,1,contiguous,28,29,2.717024087905884,False,True
4096,1,vmm_paged,28,29,2.7264320850372314,False,True
4096,4,contiguous,28,0,2.7550721168518066,False,True
4096,4,vmm_paged,28,0,2.7163519859313965,False,True
4096,4,contiguous,28,1,2.710239887237549,False,True
4096,4,vmm_paged,28,1,2.7147200107574463,False,True
4096,4,contiguous,28,2,2.710592031478882,False,True
4096,4,vmm_paged,28,2,2.708832025527954,False,True
4096,4,contiguous,28,3,2.70963191986084,False,True
4096,4,vmm_paged,28,3,2.7249279022216797,False,True
4096,4,contiguous,28,4,2.7111361026763916,False,True
4096,4,vmm_paged,28,4,2.7130239009857178,False,True
4096,4,contiguous,28,5,2.710848093032837,False,True
4096,4,vmm_paged,28,5,2.7141120433807373,False,True
4096,4,contiguous,28,6,2.7117760181427,False,True
4096,4,vmm_paged,28,6,2.712575912475586,False,True
4096,4,contiguous,28,7,2.713279962539673,False,True
4096,4,vmm_paged,28,7,2.710400104522705,False,True
4096,4,contiguous,28,8,2.707808017730713,False,True
4096,4,vmm_paged,28,8,2.7146880626678467,False,True
4096,4,contiguous,28,9,2.7054080963134766,False,True
4096,4,vmm_paged,28,9,2.7108800411224365,False,True
4096,4,contiguous,28,10,2.7173759937286377,False,True
4096,4,vmm_paged,28,10,2.710592031478882,False,True
4096,4,contiguous,28,11,2.704576015472412,False,True
4096,4,vmm_paged,28,11,2.7085120677948,False,True
4096,4,contiguous,28,12,2.7060799598693848,False,True
4096,4,vmm_paged,28,12,2.7065279483795166,False,True
4096,4,contiguous,28,13,2.723423957824707,False,True
4096,4,vmm_paged,28,13,2.7120320796966553,False,True
4096,4,contiguous,28,14,2.706912040710449,False,True
4096,4,vmm_paged,28,14,2.725856065750122,False,True
4096,4,contiguous,28,15,2.7097599506378174,False,True
4096,4,vmm_paged,28,15,2.716671943664551,False,True
4096,4,contiguous,28,16,2.7171521186828613,False,True
4096,4,vmm_paged,28,16,2.710911989212036,False,True
4096,4,contiguous,28,17,2.7116479873657227,False,True
4096,4,vmm_paged,28,17,2.715424060821533,False,True
4096,4,contiguous,28,18,2.7129600048065186,False,True
4096,4,vmm_paged,28,18,2.7139201164245605,False,True
4096,4,contiguous,28,19,2.707871913909912,False,True
4096,4,vmm_paged,28,19,2.7165119647979736,False,True
4096,4,contiguous,28,20,2.716991901397705,False,True
4096,4,vmm_paged,28,20,2.714240074157715,False,True
4096,4,contiguous,28,21,2.718816041946411,False,True
4096,4,vmm_paged,28,21,2.7173759937286377,False,True
4096,4,contiguous,28,22,2.7142720222473145,False,True
4096,4,vmm_paged,28,22,2.7141120433807373,False,True
4096,4,contiguous,28,23,2.7207999229431152,False,True
4096,4,vmm_paged,28,23,2.711967945098877,False,True
4096,4,contiguous,28,24,2.7134718894958496,False,True
4096,4,vmm_paged,28,24,2.713344097137451,False,True
4096,4,contiguous,28,25,2.71126389503479,False,True
4096,4,vmm_paged,28,25,2.715359926223755,False,True
4096,4,contiguous,28,26,2.713887929916382,False,True
4096,4,vmm_paged,28,26,2.7095038890838623,False,True
4096,4,contiguous,28,27,2.7120959758758545,False,True
4096,4,vmm_paged,28,27,2.7145280838012695,False,True
4096,4,contiguous,28,28,2.7300479412078857,False,True
4096,4,vmm_paged,28,28,2.7287681102752686,False,True
4096,4,contiguous,28,29,2.7116479873657227,False,True
4096,4,vmm_paged,28,29,2.7144320011138916,False,True
4096,8,contiguous,28,0,2.781791925430298,False,True
4096,8,vmm_paged,28,0,2.727328062057495,False,True
4096,8,contiguous,28,1,2.7288639545440674,False,True
4096,8,vmm_paged,28,1,2.7316160202026367,False,True
4096,8,contiguous,28,2,2.7305920124053955,False,True
4096,8,vmm_paged,28,2,2.7288320064544678,False,True
4096,8,contiguous,28,3,2.7266879081726074,False,True
4096,8,vmm_paged,28,3,2.7295360565185547,False,True
4096,8,contiguous,28,4,2.728800058364868,False,True
4096,8,vmm_paged,28,4,2.7291200160980225,False,True
4096,8,contiguous,28,5,2.7223360538482666,False,True
4096,8,vmm_paged,28,5,2.7200000286102295,False,True
4096,8,contiguous,28,6,2.724735975265503,False,True
4096,8,vmm_paged,28,6,2.725503921508789,False,True
4096,8,contiguous,28,7,2.7251200675964355,False,True
4096,8,vmm_paged,28,7,2.7216639518737793,False,True
4096,8,contiguous,28,8,2.721407890319824,False,True
4096,8,vmm_paged,28,8,2.724479913711548,False,True
4096,8,contiguous,28,9,2.726304054260254,False,True
4096,8,vmm_paged,28,9,2.7237439155578613,False,True
4096,8,contiguous,28,10,2.7223360538482666,False,True
4096,8,vmm_paged,28,10,2.723520040512085,False,True
4096,8,contiguous,28,11,2.7233920097351074,False,True
4096,8,vmm_paged,28,11,2.721280097961426,False,True
4096,8,contiguous,28,12,2.724191904067993,False,True
4096,8,vmm_paged,28,12,2.7179200649261475,False,True
4096,8,contiguous,28,13,2.7200961112976074,False,True
4096,8,vmm_paged,28,13,2.7189760208129883,False,True
4096,8,contiguous,28,14,2.724479913711548,False,True
4096,8,vmm_paged,28,14,2.720031976699829,False,True
4096,8,contiguous,28,15,2.7178239822387695,False,True
4096,8,vmm_paged,28,15,2.7279040813446045,False,True
4096,8,contiguous,28,16,2.7164158821105957,False,True
4096,8,vmm_paged,28,16,2.7192320823669434,False,True
4096,8,contiguous,28,17,2.721184015274048,False,True
4096,8,vmm_paged,28,17,2.72326397895813,False,True
4096,8,contiguous,28,18,2.723520040512085,False,True
4096,8,vmm_paged,28,18,2.7228798866271973,False,True
4096,8,contiguous,28,19,2.7175679206848145,False,True
4096,8,vmm_paged,28,19,2.7196478843688965,False,True
4096,8,contiguous,28,20,2.7139201164245605,False,True
4096,8,vmm_paged,28,20,2.718719959259033,False,True
4096,8,contiguous,28,21,2.724992036819458,False,True
4096,8,vmm_paged,28,21,2.7233920097351074,False,True
4096,8,contiguous,28,22,2.7210240364074707,False,True
4096,8,vmm_paged,28,22,2.722752094268799,False,True
4096,8,contiguous,28,23,2.7098240852355957,False,True
4096,8,vmm_paged,28,23,2.7062718868255615,False,True
4096,8,contiguous,28,24,2.706912040710449,False,True
4096,8,vmm_paged,28,24,2.7144320011138916,False,True
4096,8,contiguous,28,25,2.70579195022583,False,True
4096,8,vmm_paged,28,25,2.710047960281372,False,True
4096,8,contiguous,28,26,2.708064079284668,False,True
4096,8,vmm_paged,28,26,2.7135040760040283,False,True
4096,8,contiguous,28,27,2.718048095703125,False,True
4096,8,vmm_paged,28,27,2.7079999446868896,False,True
4096,8,contiguous,28,28,2.712480068206787,False,True
4096,8,vmm_paged,28,28,2.7211201190948486,False,True
4096,8,contiguous,28,29,2.708672046661377,False,True
4096,8,vmm_paged,28,29,2.7085440158843994,False,True
4096,16,contiguous,28,0,2.766655921936035,False,True
4096,16,vmm_paged,28,0,2.7093119621276855,False,True
4096,16,contiguous,28,1,2.704511880874634,False,True
4096,16,vmm_paged,28,1,2.709120035171509,False,True
4096,16,contiguous,28,2,2.705471992492676,False,True
4096,16,vmm_paged,28,2,2.709280014038086,False,True
4096,16,contiguous,28,3,2.7128000259399414,False,True
4096,16,vmm_paged,28,3,2.7128639221191406,False,True
4096,16,contiguous,28,4,2.706144094467163,False,True
4096,16,vmm_paged,28,4,2.7030720710754395,False,True
4096,16,contiguous,28,5,2.7014400959014893,False,True
4096,16,vmm_paged,28,5,2.714560031890869,False,True
4096,16,contiguous,28,6,2.7074880599975586,False,True
4096,16,vmm_paged,28,6,2.696928024291992,False,True
4096,16,contiguous,28,7,2.700576066970825,False,True
4096,16,vmm_paged,28,7,2.701792001724243,False,True
4096,16,contiguous,28,8,2.6972479820251465,False,True
4096,16,vmm_paged,28,8,2.708575963973999,False,True
4096,16,contiguous,28,9,2.700511932373047,False,True
4096,16,vmm_paged,28,9,2.7000319957733154,False,True
4096,16,contiguous,28,10,2.7119359970092773,False,True
4096,16,vmm_paged,28,10,2.7075839042663574,False,True
4096,16,contiguous,28,11,2.692960023880005,False,True
4096,16,vmm_paged,28,11,2.699968099594116,False,True
4096,16,contiguous,28,12,2.7014079093933105,False,True
4096,16,vmm_paged,28,12,2.6959359645843506,False,True
4096,16,contiguous,28,13,2.702239990234375,False,True
4096,16,vmm_paged,28,13,2.7017600536346436,False,True
4096,16,contiguous,28,14,2.6997439861297607,False,True
4096,16,vmm_paged,28,14,2.701535940170288,False,True
4096,16,contiguous,28,15,2.695039987564087,False,True
4096,16,vmm_paged,28,15,2.707616090774536,False,True
4096,16,contiguous,28,16,2.697279930114746,False,True
4096,16,vmm_paged,28,16,2.703007936477661,False,True
4096,16,contiguous,28,17,2.697216033935547,False,True
4096,16,vmm_paged,28,17,2.702847957611084,False,True
4096,16,contiguous,28,18,2.7009599208831787,False,True
4096,16,vmm_paged,28,18,2.699712038040161,False,True
4096,16,contiguous,28,19,2.696063995361328,False,True
4096,16,vmm_paged,28,19,2.696928024291992,False,True
4096,16,contiguous,28,20,2.693664073944092,False,True
4096,16,vmm_paged,28,20,2.698431968688965,False,True
4096,16,contiguous,28,21,2.6968960762023926,False,True
4096,16,vmm_paged,28,21,2.7018558979034424,False,True
4096,16,contiguous,28,22,2.6989119052886963,False,True
4096,16,vmm_paged,28,22,2.697535991668701,False,True
4096,16,contiguous,28,23,2.68886399269104,False,True
4096,16,vmm_paged,28,23,2.690272092819214,False,True
4096,16,contiguous,28,24,2.694783926010132,False,True
4096,16,vmm_paged,28,24,2.69215989112854,False,True
4096,16,contiguous,28,25,2.692415952682495,False,True
4096,16,vmm_paged,28,25,2.691488027572632,False,True
4096,16,contiguous,28,26,2.689471960067749,False,True
4096,16,vmm_paged,28,26,2.6921920776367188,False,True
4096,16,contiguous,28,27,2.6923840045928955,False,True
4096,16,vmm_paged,28,27,2.69267201423645,False,True
4096,16,contiguous,28,28,2.68937611579895,False,True
4096,16,vmm_paged,28,28,2.695552110671997,False,True
4096,16,contiguous,28,29,2.691200017929077,False,True
4096,16,vmm_paged,28,29,2.693567991256714,False,True
4096,32,contiguous,28,0,2.9153919219970703,False,True
4096,32,vmm_paged,28,0,2.7400639057159424,False,True
4096,32,contiguous,28,1,2.736191987991333,False,True
4096,32,vmm_paged,28,1,2.7370879650115967,False,True
4096,32,contiguous,28,2,2.734463930130005,False,True
4096,32,vmm_paged,28,2,2.766752004623413,False,True
4096,32,contiguous,28,3,2.7352640628814697,False,True
4096,32,vmm_paged,28,3,2.734560012817383,False,True
4096,32,contiguous,28,4,2.7372798919677734,False,True
4096,32,vmm_paged,28,4,2.7412800788879395,False,True
4096,32,contiguous,28,5,2.734528064727783,False,True
4096,32,vmm_paged,28,5,2.736799955368042,False,True
4096,32,contiguous,28,6,2.740384101867676,False,True
4096,32,vmm_paged,28,6,2.735136032104492,False,True
4096,32,contiguous,28,7,2.746079921722412,False,True
4096,32,vmm_paged,28,7,2.7386560440063477,False,True
4096,32,contiguous,28,8,2.739840030670166,False,True
4096,32,vmm_paged,28,8,2.7359039783477783,False,True
4096,32,contiguous,28,9,2.7366719245910645,False,True
4096,32,vmm_paged,28,9,2.7367680072784424,False,True
4096,32,contiguous,28,10,2.740511894226074,False,True
4096,32,vmm_paged,28,10,2.737823963165283,False,True
4096,32,contiguous,28,11,2.738719940185547,False,True
4096,32,vmm_paged,28,11,2.7377281188964844,False,True
4096,32,contiguous,28,12,2.739583969116211,False,True
4096,32,vmm_paged,28,12,2.7391679286956787,False,True
4096,32,contiguous,28,13,2.7354559898376465,False,True
4096,32,vmm_paged,28,13,2.746943950653076,False,True
4096,32,contiguous,28,14,2.737312078475952,False,True
4096,32,vmm_paged,28,14,2.73635196685791,False,True
4096,32,contiguous,28,15,2.735424041748047,False,True
4096,32,vmm_paged,28,15,2.7319040298461914,False,True
4096,32,contiguous,28,16,2.73091197013855,False,True
4096,32,vmm_paged,28,16,2.723936080932617,False,True
4096,32,contiguous,28,17,2.7336320877075195,False,True
4096,32,vmm_paged,28,17,2.7224960327148438,False,True
4096,32,contiguous,28,18,2.7197439670562744,False,True
4096,32,vmm_paged,28,18,2.7245121002197266,False,True
4096,32,contiguous,28,19,2.731168031692505,False,True
4096,32,vmm_paged,28,19,2.725600004196167,False,True
4096,32,contiguous,28,20,2.719104051589966,False,True
4096,32,vmm_paged,28,20,2.7206718921661377,False,True
4096,32,contiguous,28,21,2.7203519344329834,False,True
4096,32,vmm_paged,28,21,2.7251200675964355,False,True
4096,32,contiguous,28,22,2.7295360565185547,False,True
4096,32,vmm_paged,28,22,2.7191998958587646,False,True
4096,32,contiguous,28,23,2.7216320037841797,False,True
4096,32,vmm_paged,28,23,2.718303918838501,False,True
4096,32,contiguous,28,24,2.7187840938568115,False,True
4096,32,vmm_paged,28,24,2.7232000827789307,False,True
4096,32,contiguous,28,25,2.718496084213257,False,True
4096,32,vmm_paged,28,25,2.726207971572876,False,True
4096,32,contiguous,28,26,2.7211520671844482,False,True
4096,32,vmm_paged,28,26,2.719327926635742,False,True
4096,32,contiguous,28,27,2.715775966644287,False,True
4096,32,vmm_paged,28,27,2.7185919284820557,False,True
4096,32,contiguous,28,28,2.717087984085083,False,True
4096,32,vmm_paged,28,28,2.7304959297180176,False,True
4096,32,contiguous,28,29,2.7182719707489014,False,True
4096,32,vmm_paged,28,29,2.726016044616699,False,True
4096,64,contiguous,28,0,2.8093440532684326,False,True
4096,64,vmm_paged,28,0,2.7407679557800293,False,True
4096,64,contiguous,28,1,2.74019193649292,False,True
4096,64,vmm_paged,28,1,2.734623908996582,False,True
4096,64,contiguous,28,2,2.7252159118652344,False,True
4096,64,vmm_paged,28,2,2.7234559059143066,False,True
4096,64,contiguous,28,3,2.7246079444885254,False,True
4096,64,vmm_paged,28,3,2.7279679775238037,False,True
4096,64,contiguous,28,4,2.7226879596710205,False,True
4096,64,vmm_paged,28,4,2.7224960327148438,False,True
4096,64,contiguous,28,5,2.724735975265503,False,True
4096,64,vmm_paged,28,5,2.7207999229431152,False,True
4096,64,contiguous,28,6,2.72108793258667,False,True
4096,64,vmm_paged,28,6,2.7271039485931396,False,True
4096,64,contiguous,28,7,2.723007917404175,False,True
4096,64,vmm_paged,28,7,2.7151999473571777,False,True
4096,64,contiguous,28,8,2.715424060821533,False,True
4096,64,vmm_paged,28,8,2.728032112121582,False,True
4096,64,contiguous,28,9,2.7202560901641846,False,True
4096,64,vmm_paged,28,9,2.723520040512085,False,True
4096,64,contiguous,28,10,2.7246720790863037,False,True
4096,64,vmm_paged,28,10,2.7232959270477295,False,True
4096,64,contiguous,28,11,2.7225921154022217,False,True
4096,64,vmm_paged,28,11,2.7325119972229004,False,True
4096,64,contiguous,28,12,2.724128007888794,False,True
4096,64,vmm_paged,28,12,2.727168083190918,False,True
4096,64,contiguous,28,13,2.724735975265503,False,True
4096,64,vmm_paged,28,13,2.7257280349731445,False,True
4096,64,contiguous,28,14,2.7231040000915527,False,True
4096,64,vmm_paged,28,14,2.726016044616699,False,True
4096,64,contiguous,28,15,2.7199039459228516,False,True
4096,64,vmm_paged,28,15,2.7240960597991943,False,True
4096,64,contiguous,28,16,2.726304054260254,False,True
4096,64,vmm_paged,28,16,2.722752094268799,False,True
4096,64,contiguous,28,17,2.7275519371032715,False,True
4096,64,vmm_paged,28,17,2.7211201190948486,False,True
4096,64,contiguous,28,18,2.7220799922943115,False,True
4096,64,vmm_paged,28,18,2.724031925201416,False,True
4096,64,contiguous,28,19,2.7239999771118164,False,True
4096,64,vmm_paged,28,19,2.7260799407958984,False,True
4096,64,contiguous,28,20,2.7185919284820557,False,True
4096,64,vmm_paged,28,20,2.725696086883545,False,True
4096,64,contiguous,28,21,2.721951961517334,False,True
4096,64,vmm_paged,28,21,2.7258880138397217,False,True
4096,64,contiguous,28,22,2.7210240364074707,False,True
4096,64,vmm_paged,28,22,2.7212159633636475,False,True
4096,64,contiguous,28,23,2.7145280838012695,False,True
4096,64,vmm_paged,28,23,2.7281599044799805,False,True
4096,64,contiguous,28,24,2.717888116836548,False,True
4096,64,vmm_paged,28,24,2.723007917404175,False,True
4096,64,contiguous,28,25,2.7283198833465576,False,True
4096,64,vmm_paged,28,25,2.720576047897339,False,True
4096,64,contiguous,28,26,2.7219200134277344,False,True
4096,64,vmm_paged,28,26,2.721343994140625,False,True
4096,64,contiguous,28,27,2.7211520671844482,False,True
4096,64,vmm_paged,28,27,2.724479913711548,False,True
4096,64,contiguous,28,28,2.723583936691284,False,True
4096,64,vmm_paged,28,28,2.7240641117095947,False,True
4096,64,contiguous,28,29,2.723520040512085,False,True
4096,64,vmm_paged,28,29,2.723167896270752,False,True
8192,1,contiguous,28,0,5.450528144836426,False,True
8192,1,vmm_paged,28,0,5.3354878425598145,False,True
8192,1,contiguous,28,1,5.329728126525879,False,True
8192,1,vmm_paged,28,1,5.31606388092041,False,True
8192,1,contiguous,28,2,5.305376052856445,False,True
8192,1,vmm_paged,28,2,5.30947208404541,False,True
8192,1,contiguous,28,3,5.3114237785339355,False,True
8192,1,vmm_paged,28,3,5.312384128570557,False,True
8192,1,contiguous,28,4,5.31328010559082,False,True
8192,1,vmm_paged,28,4,5.3269758224487305,False,True
8192,1,contiguous,28,5,5.316895961761475,False,True
8192,1,vmm_paged,28,5,5.324160099029541,False,True
8192,1,contiguous,28,6,5.318016052246094,False,True
8192,1,vmm_paged,28,6,5.304671764373779,False,True
8192,1,contiguous,28,7,5.319295883178711,False,True
8192,1,vmm_paged,28,7,5.310912132263184,False,True
8192,1,contiguous,28,8,5.320064067840576,False,True
8192,1,vmm_paged,28,8,5.312160015106201,False,True
8192,1,contiguous,28,9,5.308512210845947,False,True
8192,1,vmm_paged,28,9,5.314591884613037,False,True
8192,1,contiguous,28,10,5.338047981262207,False,True
8192,1,vmm_paged,28,10,5.31171178817749,False,True
8192,1,contiguous,28,11,5.314943790435791,False,True
8192,1,vmm_paged,28,11,5.3245439529418945,False,True
8192,1,contiguous,28,12,5.33081579208374,False,True
8192,1,vmm_paged,28,12,5.32422399520874,False,True
8192,1,contiguous,28,13,5.323296070098877,False,True
8192,1,vmm_paged,28,13,5.317503929138184,False,True
8192,1,contiguous,28,14,5.3203840255737305,False,True
8192,1,vmm_paged,28,14,5.320159912109375,False,True
8192,1,contiguous,28,15,5.33516788482666,False,True
8192,1,vmm_paged,28,15,5.333631992340088,False,True
8192,1,contiguous,28,16,5.325056076049805,False,True
8192,1,vmm_paged,28,16,5.33462381362915,False,True
8192,1,contiguous,28,17,5.326623916625977,False,True
8192,1,vmm_paged,28,17,5.314527988433838,False,True
8192,1,contiguous,28,18,5.325888156890869,False,True
8192,1,vmm_paged,28,18,5.31276798248291,False,True
8192,1,contiguous,28,19,5.332736015319824,False,True
8192,1,vmm_paged,28,19,5.3251519203186035,False,True
8192,1,contiguous,28,20,5.326879978179932,False,True
8192,1,vmm_paged,28,20,5.3002238273620605,False,True
8192,1,contiguous,28,21,5.298655986785889,False,True
8192,1,vmm_paged,28,21,5.284031867980957,False,True
8192,1,contiguous,28,22,5.289951801300049,False,True
8192,1,vmm_paged,28,22,5.290016174316406,False,True
8192,1,contiguous,28,23,5.2875518798828125,False,True
8192,1,vmm_paged,28,23,5.2860798835754395,False,True
8192,1,contiguous,28,24,5.2894721031188965,False,True
8192,1,vmm_paged,28,24,5.296256065368652,False,True
8192,1,contiguous,28,25,5.308544158935547,False,True
8192,1,vmm_paged,28,25,5.322112083435059,False,True
8192,1,contiguous,28,26,5.315040111541748,False,True
8192,1,vmm_paged,28,26,5.302720069885254,False,True
8192,1,contiguous,28,27,5.302559852600098,False,True
8192,1,vmm_paged,28,27,5.306111812591553,False,True
8192,1,contiguous,28,28,5.313439846038818,False,True
8192,1,vmm_paged,28,28,5.311776161193848,False,True
8192,1,contiguous,28,29,5.300608158111572,False,True
8192,1,vmm_paged,28,29,5.311168193817139,False,True
8192,4,contiguous,28,0,5.444064140319824,False,True
8192,4,vmm_paged,28,0,5.3023362159729,False,True
8192,4,contiguous,28,1,5.312640190124512,False,True
8192,4,vmm_paged,28,1,5.281888008117676,False,True
8192,4,contiguous,28,2,5.287424087524414,False,True
8192,4,vmm_paged,28,2,5.291007995605469,False,True
8192,4,contiguous,28,3,5.294112205505371,False,True
8192,4,vmm_paged,28,3,5.2861762046813965,False,True
8192,4,contiguous,28,4,5.295008182525635,False,True
8192,4,vmm_paged,28,4,5.280384063720703,False,True
8192,4,contiguous,28,5,5.292287826538086,False,True
8192,4,vmm_paged,28,5,5.29318380355835,False,True
8192,4,contiguous,28,6,5.288032054901123,False,True
8192,4,vmm_paged,28,6,5.284543991088867,False,True
8192,4,contiguous,28,7,5.297920227050781,False,True
8192,4,vmm_paged,28,7,5.282656192779541,False,True
8192,4,contiguous,28,8,5.292191982269287,False,True
8192,4,vmm_paged,28,8,5.28223991394043,False,True
8192,4,contiguous,28,9,5.285376071929932,False,True
8192,4,vmm_paged,28,9,5.289919853210449,False,True
8192,4,contiguous,28,10,5.28550386428833,False,True
8192,4,vmm_paged,28,10,5.2842559814453125,False,True
8192,4,contiguous,28,11,5.283999919891357,False,True
8192,4,vmm_paged,28,11,5.290656089782715,False,True
8192,4,contiguous,28,12,5.285664081573486,False,True
8192,4,vmm_paged,28,12,5.282944202423096,False,True
8192,4,contiguous,28,13,5.284575939178467,False,True
8192,4,vmm_paged,28,13,5.277728080749512,False,True
8192,4,contiguous,28,14,5.28000020980835,False,True
8192,4,vmm_paged,28,14,5.282495975494385,False,True
8192,4,contiguous,28,15,5.286719799041748,False,True
8192,4,vmm_paged,28,15,5.286687850952148,False,True
8192,4,contiguous,28,16,5.289663791656494,False,True
8192,4,vmm_paged,28,16,5.277408123016357,False,True
8192,4,contiguous,28,17,5.282976150512695,False,True
8192,4,vmm_paged,28,17,5.277440071105957,False,True
8192,4,contiguous,28,18,5.288479804992676,False,True
8192,4,vmm_paged,28,18,5.278528213500977,False,True
8192,4,contiguous,28,19,5.280896186828613,False,True
8192,4,vmm_paged,28,19,5.284063816070557,False,True
8192,4,contiguous,28,20,5.281439781188965,False,True
8192,4,vmm_paged,28,20,5.275807857513428,False,True
8192,4,contiguous,28,21,5.276576042175293,False,True
8192,4,vmm_paged,28,21,5.280928134918213,False,True
8192,4,contiguous,28,22,5.2788801193237305,False,True
8192,4,vmm_paged,28,22,5.281216144561768,False,True
8192,4,contiguous,28,23,5.281311988830566,False,True
8192,4,vmm_paged,28,23,5.286240100860596,False,True
8192,4,contiguous,28,24,5.285183906555176,False,True
8192,4,vmm_paged,28,24,5.291776180267334,False,True
8192,4,contiguous,28,25,5.279232025146484,False,True
8192,4,vmm_paged,28,25,5.2854719161987305,False,True
8192,4,contiguous,28,26,5.283552169799805,False,True
8192,4,vmm_paged,28,26,5.27891206741333,False,True
8192,4,contiguous,28,27,5.289440155029297,False,True
8192,4,vmm_paged,28,27,5.291776180267334,False,True
8192,4,contiguous,28,28,5.2894721031188965,False,True
8192,4,vmm_paged,28,28,5.28707218170166,False,True
8192,4,contiguous,28,29,5.286848068237305,False,True
8192,4,vmm_paged,28,29,5.280704021453857,False,True
8192,8,contiguous,28,0,5.369952201843262,False,True
8192,8,vmm_paged,28,0,5.310495853424072,False,True
8192,8,contiguous,28,1,5.312320232391357,False,True
8192,8,vmm_paged,28,1,5.3157758712768555,False,True
8192,8,contiguous,28,2,5.307936191558838,False,True
8192,8,vmm_paged,28,2,5.309760093688965,False,True
8192,8,contiguous,28,3,5.316415786743164,False,True
8192,8,vmm_paged,28,3,5.314367771148682,False,True
8192,8,contiguous,28,4,5.309663772583008,False,True
8192,8,vmm_paged,28,4,5.317279815673828,False,True
8192,8,contiguous,28,5,5.320608139038086,False,True
8192,8,vmm_paged,28,5,5.308256149291992,False,True
8192,8,contiguous,28,6,5.303455829620361,False,True
8192,8,vmm_paged,28,6,5.309375762939453,False,True
8192,8,contiguous,28,7,5.304224014282227,False,True
8192,8,vmm_paged,28,7,5.309535980224609,False,True
8192,8,contiguous,28,8,5.30463981628418,False,True
8192,8,vmm_paged,28,8,5.314367771148682,False,True
8192,8,contiguous,28,9,5.316736221313477,False,True
8192,8,vmm_paged,28,9,5.311359882354736,False,True
8192,8,contiguous,28,10,5.3061442375183105,False,True
8192,8,vmm_paged,28,10,5.3064961433410645,False,True
8192,8,contiguous,28,11,5.307551860809326,False,True
8192,8,vmm_paged,28,11,5.31276798248291,False,True
8192,8,contiguous,28,12,5.313248157501221,False,True
8192,8,vmm_paged,28,12,5.311615943908691,False,True
8192,8,contiguous,28,13,5.3079681396484375,False,True
8192,8,vmm_paged,28,13,5.303135871887207,False,True
8192,8,contiguous,28,14,5.316959857940674,False,True
8192,8,vmm_paged,28,14,5.321375846862793,False,True
8192,8,contiguous,28,15,5.315680027008057,False,True
8192,8,vmm_paged,28,15,5.3114237785339355,False,True
8192,8,contiguous,28,16,5.31385612487793,False,True
8192,8,vmm_paged,28,16,5.324128150939941,False,True
8192,8,contiguous,28,17,5.3064961433410645,False,True
8192,8,vmm_paged,28,17,5.309216022491455,False,True
8192,8,contiguous,28,18,5.320608139038086,False,True
8192,8,vmm_paged,28,18,5.311808109283447,False,True
8192,8,contiguous,28,19,5.313663959503174,False,True
8192,8,vmm_paged,28,19,5.311903953552246,False,True
8192,8,contiguous,28,20,5.308224201202393,False,True
8192,8,vmm_paged,28,20,5.308159828186035,False,True
8192,8,contiguous,28,21,5.309375762939453,False,True
8192,8,vmm_paged,28,21,5.3072638511657715,False,True
8192,8,contiguous,28,22,5.310815811157227,False,True
8192,8,vmm_paged,28,22,5.308896064758301,False,True
8192,8,contiguous,28,23,5.333888053894043,False,True
8192,8,vmm_paged,28,23,5.3172478675842285,False,True
8192,8,contiguous,28,24,5.309247970581055,False,True
8192,8,vmm_paged,28,24,5.310719966888428,False,True
8192,8,contiguous,28,25,5.308191776275635,False,True
8192,8,vmm_paged,28,25,5.319456100463867,False,True
8192,8,contiguous,28,26,5.321280002593994,False,True
8192,8,vmm_paged,28,26,5.312575817108154,False,True
8192,8,contiguous,28,27,5.3093438148498535,False,True
8192,8,vmm_paged,28,27,5.31712007522583,False,True
8192,8,contiguous,28,28,5.314623832702637,False,True
8192,8,vmm_paged,28,28,5.32316780090332,False,True
8192,8,contiguous,28,29,5.319104194641113,False,True
8192,8,vmm_paged,28,29,5.3224639892578125,False,True
8192,16,contiguous,28,0,5.382656097412109,False,True
8192,16,vmm_paged,28,0,5.32476806640625,False,True
8192,16,contiguous,28,1,5.3275837898254395,False,True
8192,16,vmm_paged,28,1,5.323520183563232,False,True
8192,16,contiguous,28,2,5.3191680908203125,False,True
8192,16,vmm_paged,28,2,5.318016052246094,False,True
8192,16,contiguous,28,3,5.326015949249268,False,True
8192,16,vmm_paged,28,3,5.319136142730713,False,True
8192,16,contiguous,28,4,5.331456184387207,False,True
8192,16,vmm_paged,28,4,5.335936069488525,False,True
8192,16,contiguous,28,5,5.317567825317383,False,True
8192,16,vmm_paged,28,5,5.324063777923584,False,True
8192,16,contiguous,28,6,5.31609582901001,False,True
8192,16,vmm_paged,28,6,5.312960147857666,False,True
8192,16,contiguous,28,7,5.322751998901367,False,True
8192,16,vmm_paged,28,7,5.315104007720947,False,True
8192,16,contiguous,28,8,5.315680027008057,False,True
8192,16,vmm_paged,28,8,5.312960147857666,False,True
8192,16,contiguous,28,9,5.319488048553467,False,True
8192,16,vmm_paged,28,9,5.317791938781738,False,True
8192,16,contiguous,28,10,5.324160099029541,False,True
8192,16,vmm_paged,28,10,5.320352077484131,False,True
8192,16,contiguous,28,11,5.320896148681641,False,True
8192,16,vmm_paged,28,11,5.3173441886901855,False,True
8192,16,contiguous,28,12,5.321087837219238,False,True
8192,16,vmm_paged,28,12,5.315008163452148,False,True
8192,16,contiguous,28,13,5.335616111755371,False,True
8192,16,vmm_paged,28,13,5.331552028656006,False,True
8192,16,contiguous,28,14,5.328000068664551,False,True
8192,16,vmm_paged,28,14,5.317215919494629,False,True
8192,16,contiguous,28,15,5.318880081176758,False,True
8192,16,vmm_paged,28,15,5.325056076049805,False,True
8192,16,contiguous,28,16,5.320735931396484,False,True
8192,16,vmm_paged,28,16,5.329887866973877,False,True
8192,16,contiguous,28,17,5.3303680419921875,False,True
8192,16,vmm_paged,28,17,5.324351787567139,False,True
8192,16,contiguous,28,18,5.319007873535156,False,True
8192,16,vmm_paged,28,18,5.322783946990967,False,True
8192,16,contiguous,28,19,5.321695804595947,False,True
8192,16,vmm_paged,28,19,5.313248157501221,False,True
8192,16,contiguous,28,20,5.317056179046631,False,True
8192,16,vmm_paged,28,20,5.320064067840576,False,True
8192,16,contiguous,28,21,5.3245439529418945,False,True
8192,16,vmm_paged,28,21,5.326432228088379,False,True
8192,16,contiguous,28,22,5.325568199157715,False,True
8192,16,vmm_paged,28,22,5.316319942474365,False,True
8192,16,contiguous,28,23,5.326687812805176,False,True
8192,16,vmm_paged,28,23,5.318304061889648,False,True
8192,16,contiguous,28,24,5.3264641761779785,False,True
8192,16,vmm_paged,28,24,5.3160319328308105,False,True
8192,16,contiguous,28,25,5.317024230957031,False,True
8192,16,vmm_paged,28,25,5.326240062713623,False,True
8192,16,contiguous,28,26,5.316319942474365,False,True
8192,16,vmm_paged,28,26,5.326176166534424,False,True
8192,16,contiguous,28,27,5.32147216796875,False,True
8192,16,vmm_paged,28,27,5.321152210235596,False,True
8192,16,contiguous,28,28,5.323232173919678,False,True
8192,16,vmm_paged,28,28,5.324319839477539,False,True
8192,16,contiguous,28,29,5.313888072967529,False,True
8192,16,vmm_paged,28,29,5.33465576171875,False,True
8192,32,contiguous,28,0,5.501791954040527,False,True
8192,32,vmm_paged,28,0,5.342239856719971,False,True
8192,32,contiguous,28,1,5.341152191162109,False,True
8192,32,vmm_paged,28,1,5.3436479568481445,False,True
8192,32,contiguous,28,2,5.338208198547363,False,True
8192,32,vmm_paged,28,2,5.338143825531006,False,True
8192,32,contiguous,28,3,5.341951847076416,False,True
8192,32,vmm_paged,28,3,5.3369598388671875,False,True
8192,32,contiguous,28,4,5.326303958892822,False,True
8192,32,vmm_paged,28,4,5.325376033782959,False,True
8192,32,contiguous,28,5,5.337759971618652,False,True
8192,32,vmm_paged,28,5,5.320127964019775,False,True
8192,32,contiguous,28,6,5.318816184997559,False,True
8192,32,vmm_paged,28,6,5.317503929138184,False,True
8192,32,contiguous,28,7,5.322080135345459,False,True
8192,32,vmm_paged,28,7,5.313504219055176,False,True
8192,32,contiguous,28,8,5.3224639892578125,False,True
8192,32,vmm_paged,28,8,5.320479869842529,False,True
8192,32,contiguous,28,9,5.314335823059082,False,True
8192,32,vmm_paged,28,9,5.323200225830078,False,True
8192,32,contiguous,28,10,5.315008163452148,False,True
8192,32,vmm_paged,28,10,5.326848030090332,False,True
8192,32,contiguous,28,11,5.31660795211792,False,True
8192,32,vmm_paged,28,11,5.323296070098877,False,True
8192,32,contiguous,28,12,5.31660795211792,False,True
8192,32,vmm_paged,28,12,5.318624019622803,False,True
8192,32,contiguous,28,13,5.311840057373047,False,True
8192,32,vmm_paged,28,13,5.3155198097229,False,True
8192,32,contiguous,28,14,5.32751989364624,False,True
8192,32,vmm_paged,28,14,5.333407878875732,False,True
8192,32,contiguous,28,15,5.310719966888428,False,True
8192,32,vmm_paged,28,15,5.325664043426514,False,True
8192,32,contiguous,28,16,5.310880184173584,False,True
8192,32,vmm_paged,28,16,5.310463905334473,False,True
8192,32,contiguous,28,17,5.321216106414795,False,True
8192,32,vmm_paged,28,17,5.311520099639893,False,True
8192,32,contiguous,28,18,5.3164801597595215,False,True
8192,32,vmm_paged,28,18,5.318528175354004,False,True
8192,32,contiguous,28,19,5.317024230957031,False,True
8192,32,vmm_paged,28,19,5.31763219833374,False,True
8192,32,contiguous,28,20,5.319295883178711,False,True
8192,32,vmm_paged,28,20,5.319519996643066,False,True
8192,32,contiguous,28,21,5.316192150115967,False,True
8192,32,vmm_paged,28,21,5.314911842346191,False,True
8192,32,contiguous,28,22,5.316512107849121,False,True
8192,32,vmm_paged,28,22,5.3130879402160645,False,True
8192,32,contiguous,28,23,5.314271926879883,False,True
8192,32,vmm_paged,28,23,5.312128067016602,False,True
8192,32,contiguous,28,24,5.324927806854248,False,True
8192,32,vmm_paged,28,24,5.315936088562012,False,True
8192,32,contiguous,28,25,5.312863826751709,False,True
8192,32,vmm_paged,28,25,5.310143947601318,False,True
8192,32,contiguous,28,26,5.310751914978027,False,True
8192,32,vmm_paged,28,26,5.309152126312256,False,True
8192,32,contiguous,28,27,5.310143947601318,False,True
8192,32,vmm_paged,28,27,5.318016052246094,False,True
8192,32,contiguous,28,28,5.3091840744018555,False,True
8192,32,vmm_paged,28,28,5.3145599365234375,False,True
8192,32,contiguous,28,29,5.310751914978027,False,True
8192,32,vmm_paged,28,29,5.313568115234375,False,True
8192,64,contiguous,28,0,5.383008003234863,False,True
8192,64,vmm_paged,28,0,5.3297600746154785,False,True
8192,64,contiguous,28,1,5.308544158935547,False,True
8192,64,vmm_paged,28,1,5.314080238342285,False,True
8192,64,contiguous,28,2,5.311007976531982,False,True
8192,64,vmm_paged,28,2,5.311359882354736,False,True
8192,64,contiguous,28,3,5.315487861633301,False,True
8192,64,vmm_paged,28,3,5.305056095123291,False,True
8192,64,contiguous,28,4,5.3094401359558105,False,True
8192,64,vmm_paged,28,4,5.3106560707092285,False,True
8192,64,contiguous,28,5,5.306943893432617,False,True
8192,64,vmm_paged,28,5,5.297567844390869,False,True
8192,64,contiguous,28,6,5.289792060852051,False,True
8192,64,vmm_paged,28,6,5.296832084655762,False,True
8192,64,contiguous,28,7,5.292064189910889,False,True
8192,64,vmm_paged,28,7,5.288447856903076,False,True
8192,64,contiguous,28,8,5.297088146209717,False,True
8192,64,vmm_paged,28,8,5.292928218841553,False,True
8192,64,contiguous,28,9,5.289984226226807,False,True
8192,64,vmm_paged,28,9,5.287903785705566,False,True
8192,64,contiguous,28,10,5.292223930358887,False,True
8192,64,vmm_paged,28,10,5.288671970367432,False,True
8192,64,contiguous,28,11,5.293791770935059,False,True
8192,64,vmm_paged,28,11,5.298304080963135,False,True
8192,64,contiguous,28,12,5.2882561683654785,False,True
8192,64,vmm_paged,28,12,5.304992198944092,False,True
8192,64,contiguous,28,13,5.2942399978637695,False,True
8192,64,vmm_paged,28,13,5.294943809509277,False,True
8192,64,contiguous,28,14,5.2857279777526855,False,True
8192,64,vmm_paged,28,14,5.294144153594971,False,True
8192,64,contiguous,28,15,5.294911861419678,False,True
8192,64,vmm_paged,28,15,5.290175914764404,False,True
8192,64,contiguous,28,16,5.2969279289245605,False,True
8192,64,vmm_paged,28,16,5.288479804992676,False,True
8192,64,contiguous,28,17,5.296383857727051,False,True
8192,64,vmm_paged,28,17,5.288671970367432,False,True
8192,64,contiguous,28,18,5.2867841720581055,False,True
8192,64,vmm_paged,28,18,5.333119869232178,False,True
8192,64,contiguous,28,19,5.29040002822876,False,True
8192,64,vmm_paged,28,19,5.302944183349609,False,True
8192,64,contiguous,28,20,5.304736137390137,False,True
8192,64,vmm_paged,28,20,5.293568134307861,False,True
8192,64,contiguous,28,21,5.289951801300049,False,True
8192,64,vmm_paged,28,21,5.293504238128662,False,True
8192,64,contiguous,28,22,5.291168212890625,False,True
8192,64,vmm_paged,28,22,5.287839889526367,False,True
8192,64,contiguous,28,23,5.2900800704956055,False,True
8192,64,vmm_paged,28,23,5.28707218170166,False,True
8192,64,contiguous,28,24,5.286464214324951,False,True
8192,64,vmm_paged,28,24,5.296735763549805,False,True
8192,64,contiguous,28,25,5.293600082397461,False,True
8192,64,vmm_paged,28,25,5.283711910247803,False,True
8192,64,contiguous,28,26,5.288576126098633,False,True
8192,64,vmm_paged,28,26,5.289216041564941,False,True
8192,64,contiguous,28,27,5.287839889526367,False,True
8192,64,vmm_paged,28,27,5.284895896911621,False,True
8192,64,contiguous,28,28,5.294623851776123,False,True
8192,64,vmm_paged,28,28,5.285183906555176,False,True
8192,64,contiguous,28,29,5.285920143127441,False,True
8192,64,vmm_paged,28,29,5.2896318435668945,False,True
16384,1,contiguous,28,0,10.168255805969238,False,True
16384,1,vmm_paged,28,0,10.073887825012207,False,True
16384,1,contiguous,28,1,10.069503784179688,False,True
16384,1,vmm_paged,28,1,10.065376281738281,False,True
16384,1,contiguous,28,2,10.065535545349121,False,True
16384,1,vmm_paged,28,2,10.056960105895996,False,True
16384,1,contiguous,28,3,10.06828784942627,False,True
16384,1,vmm_paged,28,3,10.058496475219727,False,True
16384,1,contiguous,28,4,10.06272029876709,False,True
16384,1,vmm_paged,28,4,10.049440383911133,False,True
16384,1,contiguous,28,5,10.058048248291016,False,True
16384,1,vmm_paged,28,5,10.057567596435547,False,True
16384,1,contiguous,28,6,10.05942440032959,False,True
16384,1,vmm_paged,28,6,10.073951721191406,False,True
16384,1,contiguous,28,7,10.068096160888672,False,True
16384,1,vmm_paged,28,7,10.072671890258789,False,True
16384,1,contiguous,28,8,10.116095542907715,False,True
16384,1,vmm_paged,28,8,10.058688163757324,False,True
16384,1,contiguous,28,9,10.068384170532227,False,True
16384,1,vmm_paged,28,9,10.067839622497559,False,True
16384,1,contiguous,28,10,10.069120407104492,False,True
16384,1,vmm_paged,28,10,10.06220817565918,False,True
16384,1,contiguous,28,11,10.063263893127441,False,True
16384,1,vmm_paged,28,11,10.064319610595703,False,True
16384,1,contiguous,28,12,10.06118392944336,False,True
16384,1,vmm_paged,28,12,10.047455787658691,False,True
16384,1,contiguous,28,13,10.066720008850098,False,True
16384,1,vmm_paged,28,13,10.06704044342041,False,True
16384,1,contiguous,28,14,10.060064315795898,False,True
16384,1,vmm_paged,28,14,10.066207885742188,False,True
16384,1,contiguous,28,15,10.06879997253418,False,True
16384,1,vmm_paged,28,15,10.057663917541504,False,True
16384,1,contiguous,28,16,10.06719970703125,False,True
16384,1,vmm_paged,28,16,10.075424194335938,False,True
16384,1,contiguous,28,17,10.075712203979492,False,True
16384,1,vmm_paged,28,17,10.08505630493164,False,True
16384,1,contiguous,28,18,10.07699203491211,False,True
16384,1,vmm_paged,28,18,10.06771183013916,False,True
16384,1,contiguous,28,19,10.085536003112793,False,True
16384,1,vmm_paged,28,19,10.076864242553711,False,True
16384,1,contiguous,28,20,10.060959815979004,False,True
16384,1,vmm_paged,28,20,10.056063652038574,False,True
16384,1,contiguous,28,21,10.053791999816895,False,True
16384,1,vmm_paged,28,21,10.055744171142578,False,True
16384,1,contiguous,28,22,10.254624366760254,False,True
16384,1,vmm_paged,28,22,10.260543823242188,False,True
16384,1,contiguous,28,23,10.646528244018555,False,True
16384,1,vmm_paged,28,23,10.631808280944824,False,True
16384,1,contiguous,28,24,10.624959945678711,False,True
16384,1,vmm_paged,28,24,10.623167991638184,False,True
16384,1,contiguous,28,25,10.62723159790039,False,True
16384,1,vmm_paged,28,25,10.62060832977295,False,True
16384,1,contiguous,28,26,10.632512092590332,False,True
16384,1,vmm_paged,28,26,10.609184265136719,False,True
16384,1,contiguous,28,27,10.582015991210938,False,True
16384,1,vmm_paged,28,27,10.540672302246094,False,True
16384,1,contiguous,28,28,10.520447731018066,False,True
16384,1,vmm_paged,28,28,10.51375961303711,False,True
16384,1,contiguous,28,29,10.388128280639648,False,True
16384,1,vmm_paged,28,29,10.292223930358887,False,True
16384,4,contiguous,28,0,10.169759750366211,False,True
16384,4,vmm_paged,28,0,10.064127922058105,False,True
16384,4,contiguous,28,1,10.064191818237305,False,True
16384,4,vmm_paged,28,1,10.05724811553955,False,True
16384,4,contiguous,28,2,10.056832313537598,False,True
16384,4,vmm_paged,28,2,10.061823844909668,False,True
16384,4,contiguous,28,3,10.055168151855469,False,True
16384,4,vmm_paged,28,3,10.054335594177246,False,True
16384,4,contiguous,28,4,10.055551528930664,False,True
16384,4,vmm_paged,28,4,10.059840202331543,False,True
16384,4,contiguous,28,5,10.055135726928711,False,True
16384,4,vmm_paged,28,5,10.056480407714844,False,True
16384,4,contiguous,28,6,10.047871589660645,False,True
16384,4,vmm_paged,28,6,10.068191528320312,False,True
16384,4,contiguous,28,7,10.068672180175781,False,True
16384,4,vmm_paged,28,7,10.05561637878418,False,True
16384,4,contiguous,28,8,10.057855606079102,False,True
16384,4,vmm_paged,28,8,10.066240310668945,False,True
16384,4,contiguous,28,9,10.063072204589844,False,True
16384,4,vmm_paged,28,9,10.0664644241333,False,True
16384,4,contiguous,28,10,10.062335968017578,False,True
16384,4,vmm_paged,28,10,10.059295654296875,False,True
16384,4,contiguous,28,11,10.05724811553955,False,True
16384,4,vmm_paged,28,11,10.058560371398926,False,True
16384,4,contiguous,28,12,10.061311721801758,False,True
16384,4,vmm_paged,28,12,10.066368103027344,False,True
16384,4,contiguous,28,13,10.062335968017578,False,True
16384,4,vmm_paged,28,13,10.050239562988281,False,True
16384,4,contiguous,28,14,10.051103591918945,False,True
16384,4,vmm_paged,28,14,10.067392349243164,False,True
16384,4,contiguous,28,15,10.058976173400879,False,True
16384,4,vmm_paged,28,15,10.05900764465332,False,True
16384,4,contiguous,28,16,10.057344436645508,False,True
16384,4,vmm_paged,28,16,10.06822395324707,False,True
16384,4,contiguous,28,17,10.0797758102417,False,True
16384,4,vmm_paged,28,17,10.072640419006348,False,True
16384,4,contiguous,28,18,10.074175834655762,False,True
16384,4,vmm_paged,28,18,10.062432289123535,False,True
16384,4,contiguous,28,19,10.06163215637207,False,True
16384,4,vmm_paged,28,19,10.064384460449219,False,True
16384,4,contiguous,28,20,10.058624267578125,False,True
16384,4,vmm_paged,28,20,10.0600004196167,False,True
16384,4,contiguous,28,21,10.111167907714844,False,True
16384,4,vmm_paged,28,21,10.147071838378906,False,True
16384,4,contiguous,28,22,10.278719902038574,False,True
16384,4,vmm_paged,28,22,10.379232406616211,False,True
16384,4,contiguous,28,23,10.630463600158691,False,True
16384,4,vmm_paged,28,23,10.624192237854004,False,True
16384,4,contiguous,28,24,10.621343612670898,False,True
16384,4,vmm_paged,28,24,10.622112274169922,False,True
16384,4,contiguous,28,25,10.655263900756836,False,True
16384,4,vmm_paged,28,25,10.669856071472168,False,True
16384,4,contiguous,28,26,10.637568473815918,False,True
16384,4,vmm_paged,28,26,10.546624183654785,False,True
16384,4,contiguous,28,27,10.53660774230957,False,True
16384,4,vmm_paged,28,27,10.49129581451416,False,True
16384,4,contiguous,28,28,10.465344429016113,False,True
16384,4,vmm_paged,28,28,10.456352233886719,False,True
16384,4,contiguous,28,29,10.372991561889648,False,True
16384,4,vmm_paged,28,29,10.325119972229004,False,True
16384,8,contiguous,28,0,10.21286392211914,False,True
16384,8,vmm_paged,28,0,10.05737590789795,False,True
16384,8,contiguous,28,1,10.059264183044434,False,True
16384,8,vmm_paged,28,1,10.066656112670898,False,True
16384,8,contiguous,28,2,10.061408042907715,False,True
16384,8,vmm_paged,28,2,10.065216064453125,False,True
16384,8,contiguous,28,3,10.05900764465332,False,True
16384,8,vmm_paged,28,3,10.067296028137207,False,True
16384,8,contiguous,28,4,10.095808029174805,False,True
16384,8,vmm_paged,28,4,10.072256088256836,False,True
16384,8,contiguous,28,5,10.113247871398926,False,True
16384,8,vmm_paged,28,5,10.071231842041016,False,True
16384,8,contiguous,28,6,10.065664291381836,False,True
16384,8,vmm_paged,28,6,10.080831527709961,False,True
16384,8,contiguous,28,7,10.069664001464844,False,True
16384,8,vmm_paged,28,7,10.059967994689941,False,True
16384,8,contiguous,28,8,10.057472229003906,False,True
16384,8,vmm_paged,28,8,10.063424110412598,False,True
16384,8,contiguous,28,9,10.063232421875,False,True
16384,8,vmm_paged,28,9,10.069215774536133,False,True
16384,8,contiguous,28,10,10.061152458190918,False,True
16384,8,vmm_paged,28,10,10.060128211975098,False,True
16384,8,contiguous,28,11,10.055456161499023,False,True
16384,8,vmm_paged,28,11,10.073311805725098,False,True
16384,8,contiguous,28,12,10.078720092773438,False,True
16384,8,vmm_paged,28,12,10.074912071228027,False,True
16384,8,contiguous,28,13,10.061152458190918,False,True
16384,8,vmm_paged,28,13,10.067008018493652,False,True
16384,8,contiguous,28,14,10.070752143859863,False,True
16384,8,vmm_paged,28,14,10.061087608337402,False,True
16384,8,contiguous,28,15,10.065600395202637,False,True
16384,8,vmm_paged,28,15,10.061535835266113,False,True
16384,8,contiguous,28,16,10.069439888000488,False,True
16384,8,vmm_paged,28,16,10.08614444732666,False,True
16384,8,contiguous,28,17,10.082592010498047,False,True
16384,8,vmm_paged,28,17,10.075200080871582,False,True
16384,8,contiguous,28,18,10.071423530578613,False,True
16384,8,vmm_paged,28,18,10.060319900512695,False,True
16384,8,contiguous,28,19,10.068639755249023,False,True
16384,8,vmm_paged,28,19,10.060256004333496,False,True
16384,8,contiguous,28,20,10.0600004196167,False,True
16384,8,vmm_paged,28,20,10.061152458190918,False,True
16384,8,contiguous,28,21,10.069408416748047,False,True
16384,8,vmm_paged,28,21,10.168383598327637,False,True
16384,8,contiguous,28,22,10.229056358337402,False,True
16384,8,vmm_paged,28,22,10.614175796508789,False,True
16384,8,contiguous,28,23,10.749664306640625,False,True
16384,8,vmm_paged,28,23,10.7642240524292,False,True
16384,8,contiguous,28,24,10.821760177612305,False,True
16384,8,vmm_paged,28,24,10.788607597351074,False,True
16384,8,contiguous,28,25,10.732831954956055,False,True
16384,8,vmm_paged,28,25,10.637696266174316,False,True
16384,8,contiguous,28,26,10.636063575744629,False,True
16384,8,vmm_paged,28,26,10.614496231079102,False,True
16384,8,contiguous,28,27,10.55884838104248,False,True
16384,8,vmm_paged,28,27,10.525535583496094,False,True
16384,8,contiguous,28,28,10.524703979492188,False,True
16384,8,vmm_paged,28,28,10.432127952575684,False,True
16384,8,contiguous,28,29,10.329728126525879,False,True
16384,8,vmm_paged,28,29,10.2871675491333,False,True
16384,16,contiguous,28,0,10.143775939941406,False,True
16384,16,vmm_paged,28,0,10.031167984008789,False,True
16384,16,contiguous,28,1,10.028512001037598,False,True
16384,16,vmm_paged,28,1,10.023743629455566,False,True
16384,16,contiguous,28,2,10.02086353302002,False,True
16384,16,vmm_paged,28,2,10.020607948303223,False,True
16384,16,contiguous,28,3,10.022175788879395,False,True
16384,16,vmm_paged,28,3,10.027615547180176,False,True
16384,16,contiguous,28,4,10.02400016784668,False,True
16384,16,vmm_paged,28,4,10.030271530151367,False,True
16384,16,contiguous,28,5,10.016256332397461,False,True
16384,16,vmm_paged,28,5,10.043999671936035,False,True
16384,16,contiguous,28,6,10.025952339172363,False,True
16384,16,vmm_paged,28,6,10.041600227355957,False,True
16384,16,contiguous,28,7,10.027839660644531,False,True
16384,16,vmm_paged,28,7,10.026975631713867,False,True
16384,16,contiguous,28,8,10.030847549438477,False,True
16384,16,vmm_paged,28,8,10.023008346557617,False,True
16384,16,contiguous,28,9,10.067744255065918,False,True
16384,16,vmm_paged,28,9,10.061887741088867,False,True
16384,16,contiguous,28,10,10.067456245422363,False,True
16384,16,vmm_paged,28,10,10.083616256713867,False,True
16384,16,contiguous,28,11,10.065119743347168,False,True
16384,16,vmm_paged,28,11,10.070719718933105,False,True
16384,16,contiguous,28,12,10.064288139343262,False,True
16384,16,vmm_paged,28,12,10.071167945861816,False,True
16384,16,contiguous,28,13,10.07852840423584,False,True
16384,16,vmm_paged,28,13,10.068896293640137,False,True
16384,16,contiguous,28,14,10.077024459838867,False,True
16384,16,vmm_paged,28,14,10.04419231414795,False,True
16384,16,contiguous,28,15,10.03228759765625,False,True
16384,16,vmm_paged,28,15,10.032480239868164,False,True
16384,16,contiguous,28,16,10.04252815246582,False,True
16384,16,vmm_paged,28,16,10.035039901733398,False,True
16384,16,contiguous,28,17,10.038080215454102,False,True
16384,16,vmm_paged,28,17,10.034079551696777,False,True
16384,16,contiguous,28,18,10.03388786315918,False,True
16384,16,vmm_paged,28,18,10.076800346374512,False,True
16384,16,contiguous,28,19,10.037504196166992,False,True
16384,16,vmm_paged,28,19,10.062560081481934,False,True
16384,16,contiguous,28,20,10.095264434814453,False,True
16384,16,vmm_paged,28,20,10.06383991241455,False,True
16384,16,contiguous,28,21,10.064543724060059,False,True
16384,16,vmm_paged,28,21,10.052319526672363,False,True
16384,16,contiguous,28,22,10.032352447509766,False,True
16384,16,vmm_paged,28,22,10.063263893127441,False,True
16384,16,contiguous,28,23,10.504128456115723,False,True
16384,16,vmm_paged,28,23,10.759936332702637,False,True
16384,16,contiguous,28,24,10.770527839660645,False,True
16384,16,vmm_paged,28,24,10.762880325317383,False,True
16384,16,contiguous,28,25,10.776703834533691,False,True
16384,16,vmm_paged,28,25,10.746975898742676,False,True
16384,16,contiguous,28,26,10.71673583984375,False,True
16384,16,vmm_paged,28,26,10.645567893981934,False,True
16384,16,contiguous,28,27,10.646592140197754,False,True
16384,16,vmm_paged,28,27,10.62559986114502,False,True
16384,16,contiguous,28,28,10.481823921203613,False,True
16384,16,vmm_paged,28,28,10.434975624084473,False,True
16384,16,contiguous,28,29,10.458208084106445,False,True
16384,16,vmm_paged,28,29,10.44809627532959,False,True
16384,32,contiguous,28,0,10.216032028198242,False,True
16384,32,vmm_paged,28,0,10.130592346191406,False,True
16384,32,contiguous,28,1,10.117216110229492,False,True
16384,32,vmm_paged,28,1,10.128447532653809,False,True
16384,32,contiguous,28,2,10.085280418395996,False,True
16384,32,vmm_paged,28,2,10.128607749938965,False,True
16384,32,contiguous,28,3,10.060992240905762,False,True
16384,32,vmm_paged,28,3,10.057503700256348,False,True
16384,32,contiguous,28,4,10.06447982788086,False,True
16384,32,vmm_paged,28,4,10.049663543701172,False,True
16384,32,contiguous,28,5,10.060480117797852,False,True
16384,32,vmm_paged,28,5,10.049887657165527,False,True
16384,32,contiguous,28,6,10.055999755859375,False,True
16384,32,vmm_paged,28,6,10.053279876708984,False,True
16384,32,contiguous,28,7,10.05180835723877,False,True
16384,32,vmm_paged,28,7,10.053664207458496,False,True
16384,32,contiguous,28,8,10.060447692871094,False,True
16384,32,vmm_paged,28,8,10.052319526672363,False,True
16384,32,contiguous,28,9,10.059136390686035,False,True
16384,32,vmm_paged,28,9,10.069503784179688,False,True
16384,32,contiguous,28,10,10.061504364013672,False,True
16384,32,vmm_paged,28,10,10.057024002075195,False,True
16384,32,contiguous,28,11,10.066880226135254,False,True
16384,32,vmm_paged,28,11,10.051199913024902,False,True
16384,32,contiguous,28,12,10.058464050292969,False,True
16384,32,vmm_paged,28,12,10.064448356628418,False,True
16384,32,contiguous,28,13,10.064160346984863,False,True
16384,32,vmm_paged,28,13,10.063360214233398,False,True
16384,32,contiguous,28,14,10.066847801208496,False,True
16384,32,vmm_paged,28,14,10.061247825622559,False,True
16384,32,contiguous,28,15,10.149951934814453,False,True
16384,32,vmm_paged,28,15,10.065088272094727,False,True
16384,32,contiguous,28,16,10.05833625793457,False,True
16384,32,vmm_paged,28,16,10.067328453063965,False,True
16384,32,contiguous,28,17,10.071743965148926,False,True
16384,32,vmm_paged,28,17,10.078432083129883,False,True
16384,32,contiguous,28,18,10.074624061584473,False,True
16384,32,vmm_paged,28,18,10.066143989562988,False,True
16384,32,contiguous,28,19,10.069791793823242,False,True
16384,32,vmm_paged,28,19,10.067520141601562,False,True
16384,32,contiguous,28,20,10.067296028137207,False,True
16384,32,vmm_paged,28,20,10.074560165405273,False,True
16384,32,contiguous,28,21,10.069791793823242,False,True
16384,32,vmm_paged,28,21,10.069087982177734,False,True
16384,32,contiguous,28,22,10.0665283203125,False,True
16384,32,vmm_paged,28,22,10.107551574707031,False,True
16384,32,contiguous,28,23,10.424991607666016,False,True
16384,32,vmm_paged,28,23,10.524352073669434,False,True
16384,32,contiguous,28,24,10.796287536621094,False,True
16384,32,vmm_paged,28,24,10.78831958770752,False,True
16384,32,contiguous,28,25,10.7871675491333,False,True
16384,32,vmm_paged,28,25,10.790111541748047,False,True
16384,32,contiguous,28,26,10.804991722106934,False,True
16384,32,vmm_paged,28,26,10.725919723510742,False,True
16384,32,contiguous,28,27,10.734016418457031,False,True
16384,32,vmm_paged,28,27,10.656224250793457,False,True
16384,32,contiguous,28,28,10.630592346191406,False,True
16384,32,vmm_paged,28,28,10.534015655517578,False,True
16384,32,contiguous,28,29,10.530719757080078,False,True
16384,32,vmm_paged,28,29,10.512191772460938,False,True
16384,64,contiguous,28,0,10.252575874328613,False,True
16384,64,vmm_paged,28,0,10.099488258361816,False,True
16384,64,contiguous,28,1,10.094304084777832,False,True
16384,64,vmm_paged,28,1,10.072863578796387,False,True
16384,64,contiguous,28,2,10.051136016845703,False,True
16384,64,vmm_paged,28,2,10.05344009399414,False,True
16384,64,contiguous,28,3,10.0546236038208,False,True
16384,64,vmm_paged,28,3,10.048447608947754,False,True
16384,64,contiguous,28,4,10.051551818847656,False,True
16384,64,vmm_paged,28,4,10.052032470703125,False,True
16384,64,contiguous,28,5,10.059743881225586,False,True
16384,64,vmm_paged,28,5,10.053664207458496,False,True
16384,64,contiguous,28,6,10.052448272705078,False,True
16384,64,vmm_paged,28,6,10.052800178527832,False,True
16384,64,contiguous,28,7,10.051775932312012,False,True
16384,64,vmm_paged,28,7,10.04969596862793,False,True
16384,64,contiguous,28,8,10.054335594177246,False,True
16384,64,vmm_paged,28,8,10.053759574890137,False,True
16384,64,contiguous,28,9,10.0546236038208,False,True
16384,64,vmm_paged,28,9,10.05292797088623,False,True
16384,64,contiguous,28,10,10.051936149597168,False,True
16384,64,vmm_paged,28,10,10.059871673583984,False,True
16384,64,contiguous,28,11,10.050848007202148,False,True
16384,64,vmm_paged,28,11,10.075967788696289,False,True
16384,64,contiguous,28,12,10.060128211975098,False,True
16384,64,vmm_paged,28,12,10.062944412231445,False,True
16384,64,contiguous,28,13,10.059455871582031,False,True
16384,64,vmm_paged,28,13,10.05782413482666,False,True
16384,64,contiguous,28,14,10.057279586791992,False,True
16384,64,vmm_paged,28,14,10.057279586791992,False,True
16384,64,contiguous,28,15,10.059616088867188,False,True
16384,64,vmm_paged,28,15,10.079232215881348,False,True
16384,64,contiguous,28,16,10.060735702514648,False,True
16384,64,vmm_paged,28,16,10.054335594177246,False,True
16384,64,contiguous,28,17,10.048224449157715,False,True
16384,64,vmm_paged,28,17,10.048959732055664,False,True
16384,64,contiguous,28,18,10.048959732055664,False,True
16384,64,vmm_paged,28,18,10.060416221618652,False,True
16384,64,contiguous,28,19,10.057632446289062,False,True
16384,64,vmm_paged,28,19,10.051263809204102,False,True
16384,64,contiguous,28,20,10.0546236038208,False,True
16384,64,vmm_paged,28,20,10.051072120666504,False,True
16384,64,contiguous,28,21,10.113727569580078,False,True
16384,64,vmm_paged,28,21,10.134048461914062,False,True
16384,64,contiguous,28,22,10.22105598449707,False,True
16384,64,vmm_paged,28,22,10.583231925964355,False,True
16384,64,contiguous,28,23,10.711008071899414,False,True
16384,64,vmm_paged,28,23,10.951231956481934,False,True
16384,64,contiguous,28,24,10.953887939453125,False,True
16384,64,vmm_paged,28,24,10.891200065612793,False,True
16384,64,contiguous,28,25,10.80838394165039,False,True
16384,64,vmm_paged,28,25,10.78435230255127,False,True
16384,64,contiguous,28,26,10.71020793914795,False,True
16384,64,vmm_paged,28,26,10.728704452514648,False,True
16384,64,contiguous,28,27,10.62559986114502,False,True
16384,64,vmm_paged,28,27,10.615072250366211,False,True
16384,64,contiguous,28,28,10.52342414855957,False,True
16384,64,vmm_paged,28,28,10.509119987487793,False,True
16384,64,contiguous,28,29,10.47657585144043,False,True
16384,64,vmm_paged,28,29,10.338624000549316,False,True
