threads,cycles_per_thread,total_cycles,wall_s,cycles_per_s,norm_ms_per_100cycles,op,p50_us,p95_us,p99_us,mean_us,n_samples
1,100,100,0.018145,5511.02,18.1455,create,19.034,28.249,52.067,21.885,100
1,100,100,0.018145,5511.02,18.1455,reserve,1.392,1.937,5.402,1.566,100
1,100,100,0.018145,5511.02,18.1455,map,1.397,1.765,3.146,1.546,100
1,100,100,0.018145,5511.02,18.1455,setaccess,66.906,89.166,156.536,71.949,100
1,100,100,0.018145,5511.02,18.1455,unmap,37.933,55.057,82.31,40.827,100
1,100,100,0.018145,5511.02,18.1455,free,1.002,1.319,2.339,1.074,100
1,100,100,0.018145,5511.02,18.1455,release,34.522,51.425,68.844,37.102,100
1,100,100,0.018145,5511.02,18.1455,full_cycle,163.767,221.02,379.066,176.879,100
2,100,200,0.057193,3496.9,28.5967,create,35.008,295.379,446.216,62.223,200
2,100,200,0.057193,3496.9,28.5967,reserve,1.888,3.767,5.53,2.163,200
2,100,200,0.057193,3496.9,28.5967,map,2.629,266.632,415.309,62.678,200
2,100,200,0.057193,3496.9,28.5967,setaccess,144.429,365.072,670.645,201.858,200
2,100,200,0.057193,3496.9,28.5967,unmap,59.029,362.532,914.193,116.583,200
2,100,200,0.057193,3496.9,28.5967,free,1.888,3.221,6.234,2.043,200
2,100,200,0.057193,3496.9,28.5967,release,54.162,289.22,530.432,88.992,200
2,100,200,0.057193,3496.9,28.5967,full_cycle,386.97,1296.818,2751.922,538.033,200
4,100,400,0.105025,3808.6,26.2564,create,39.144,180.315,857.097,93.892,400
4,100,400,0.105025,3808.6,26.2564,reserve,1.792,4.808,52.188,3.418,400
4,100,400,0.105025,3808.6,26.2564,map,1.828,519.014,1514.856,90.26,400
4,100,400,0.105025,3808.6,26.2564,setaccess,92.865,1211.467,3550.141,319.916,400
4,100,400,0.105025,3808.6,26.2564,unmap,59.861,905.823,3639.876,221.468,400
4,100,400,0.105025,3808.6,26.2564,free,1.317,3.816,7.15,2.825,400
4,100,400,0.105025,3808.6,26.2564,release,54.538,641.727,1881.989,162.783,400
4,100,400,0.105025,3808.6,26.2564,full_cycle,281.706,3579.872,9104.281,895.81,400
8,100,800,0.238247,3357.87,29.7808,create,55.935,1098.89,1826.972,290.07,800
8,100,800,0.238247,3357.87,29.7808,reserve,2.664,6.17,253.007,9.164,800
8,100,800,0.238247,3357.87,29.7808,map,100.452,1022.49,1829.214,277.985,800
8,100,800,0.238247,3357.87,29.7808,setaccess,165.29,955.845,1672.143,300.342,800
8,100,800,0.238247,3357.87,29.7808,unmap,448.903,2546.127,5110.206,761.375,800
8,100,800,0.238247,3357.87,29.7808,free,2.684,102.48,229.749,15.853,800
8,100,800,0.238247,3357.87,29.7808,release,191.214,1095.956,2394.631,346.808,800
8,100,800,0.238247,3357.87,29.7808,full_cycle,1666.477,4996.923,8532.598,2003.238,800
16,100,1600,0.431455,3708.38,26.966,create,38.669,2010.763,4583.0,416.567,1600
16,100,1600,0.431455,3708.38,26.966,reserve,2.283,6.403,340.793,12.258,1600
16,100,1600,0.431455,3708.38,26.966,map,10.276,2614.509,5500.903,579.462,1600
16,100,1600,0.431455,3708.38,26.966,setaccess,155.685,2471.471,5195.659,586.053,1600
16,100,1600,0.431455,3708.38,26.966,unmap,543.335,5458.622,11946.612,1313.61,1600
16,100,1600,0.431455,3708.38,26.966,free,2.033,18.323,204.191,10.802,1600
16,100,1600,0.431455,3708.38,26.966,release,73.33,2729.561,5376.358,638.719,1600
16,100,1600,0.431455,3708.38,26.966,full_cycle,2155.791,12401.224,22707.753,3558.783,1600
32,100,3200,1.215758,2632.1,37.9924,create,64.197,6085.26,13209.268,1383.15,3200
32,100,3200,1.215758,2632.1,37.9924,reserve,3.706,125.92,1528.127,53.328,3200
32,100,3200,1.215758,2632.1,37.9924,map,566.48,7518.417,15712.321,1781.41,3200
32,100,3200,1.215758,2632.1,37.9924,setaccess,214.919,5895.512,12937.39,1355.159,3200
32,100,3200,1.215758,2632.1,37.9924,unmap,1957.948,14793.708,29696.649,3958.905,3200
32,100,3200,1.215758,2632.1,37.9924,free,3.515,190.031,1410.206,51.239,3200
32,100,3200,1.215758,2632.1,37.9924,release,765.556,7454.833,14631.11,1847.255,3200
32,100,3200,1.215758,2632.1,37.9924,full_cycle,7465.526,30684.558,50577.57,10432.508,3200
64,100,6400,2.178205,2938.2,34.0345,create,45.129,10368.566,28682.828,2049.446,6400
64,100,6400,2.178205,2938.2,34.0345,reserve,2.905,114.257,1661.731,62.209,6400
64,100,6400,2.178205,2938.2,34.0345,map,6.074,13880.042,29944.233,2917.588,6400
64,100,6400,2.178205,2938.2,34.0345,setaccess,177.603,11038.987,25718.914,2321.095,6400
64,100,6400,2.178205,2938.2,34.0345,unmap,1364.546,32381.053,74658.341,6849.424,6400
64,100,6400,2.178205,2938.2,34.0345,free,2.454,144.119,1580.802,56.06,6400
64,100,6400,2.178205,2938.2,34.0345,release,77.657,13823.572,29329.025,2942.463,6400
64,100,6400,2.178205,2938.2,34.0345,full_cycle,8555.799,67299.077,126412.708,17199.996,6400
128,100,12800,7.264864,1761.9,56.7568,create,89.691,33588.502,121446.388,8771.556,12800
128,100,12800,7.264864,1761.9,56.7568,reserve,5.097,506.954,1925.407,87.508,12800
128,100,12800,7.264864,1761.9,56.7568,map,2216.904,37134.3,153124.11,11220.351,12800
128,100,12800,7.264864,1761.9,56.7568,setaccess,257.008,29725.229,123639.967,8104.632,12800
128,100,12800,7.264864,1761.9,56.7568,unmap,9773.838,97297.611,267354.134,26925.895,12800
128,100,12800,7.264864,1761.9,56.7568,free,3.776,523.668,1792.957,89.436,12800
128,100,12800,7.264864,1761.9,56.7568,release,2532.806,37917.991,144899.61,11216.725,12800
128,100,12800,7.264864,1761.9,56.7568,full_cycle,39779.895,235629.935,526945.41,66418.395,12800
