method,seqlen,repeat,kernel,metric,unit,value
contig,2048,0,cudnn_generated_fort_native_sdpa_sm90_flash_fprop_wgmma_f16_knob_7_64x128x128_4x1x1_cga1x1x1_kernel0_0,dram__throughput.avg.pct_of_peak_sustained_elapsed,%,15.49
contig,2048,0,cudnn_generated_fort_native_sdpa_sm90_flash_fprop_wgmma_f16_knob_7_64x128x128_4x1x1_cga1x1x1_kernel0_0,gpu__time_duration.sum,ns,"156,000"
contig,2048,0,cudnn_generated_fort_native_sdpa_sm90_flash_fprop_wgmma_f16_knob_7_64x128x128_4x1x1_cga1x1x1_kernel0_0,l1tex__t_sector_hit_rate.pct,%,0
contig,2048,0,cudnn_generated_fort_native_sdpa_sm90_flash_fprop_wgmma_f16_knob_7_64x128x128_4x1x1_cga1x1x1_kernel0_0,lts__t_sector_hit_rate.pct,%,69.38
contig,2048,0,cudnn_generated_fort_native_sdpa_sm90_flash_fprop_wgmma_f16_knob_7_64x128x128_4x1x1_cga1x1x1_kernel0_0,lts__t_sectors_aperture_device.sum,sector,"11,198,814"
contig,2048,0,cudnn_generated_fort_native_sdpa_sm90_flash_fprop_wgmma_f16_knob_7_64x128x128_4x1x1_cga1x1x1_kernel0_0,lts__t_sectors_aperture_peer.sum,sector,0
contig,2048,0,cudnn_generated_fort_native_sdpa_sm90_flash_fprop_wgmma_f16_knob_7_64x128x128_4x1x1_cga1x1x1_kernel0_0,lts__t_sectors_aperture_sysmem.sum,sector,"27,653"
contig,2048,0,cudnn_generated_fort_native_sdpa_sm90_flash_fprop_wgmma_f16_knob_7_64x128x128_4x1x1_cga1x1x1_kernel0_0,sm__throughput.avg.pct_of_peak_sustained_elapsed,%,67.09
contig,2048,0,cudnn_generated_fort_native_sdpa_sm90_flash_fprop_wgmma_f16_knob_7_64x128x128_4x1x1_cga1x1x1_kernel0_0,smsp__inst_executed.sum,inst,"39,844,134"
contig,4096,0,cudnn_generated_fort_native_sdpa_sm90_flash_fprop_wgmma_f16_knob_7_64x128x128_4x1x1_cga1x1x1_kernel0_0,dram__throughput.avg.pct_of_peak_sustained_elapsed,%,8.91
contig,4096,0,cudnn_generated_fort_native_sdpa_sm90_flash_fprop_wgmma_f16_knob_7_64x128x128_4x1x1_cga1x1x1_kernel0_0,gpu__time_duration.sum,ns,"577,600"
contig,4096,0,cudnn_generated_fort_native_sdpa_sm90_flash_fprop_wgmma_f16_knob_7_64x128x128_4x1x1_cga1x1x1_kernel0_0,l1tex__t_sector_hit_rate.pct,%,0
contig,4096,0,cudnn_generated_fort_native_sdpa_sm90_flash_fprop_wgmma_f16_knob_7_64x128x128_4x1x1_cga1x1x1_kernel0_0,lts__t_sector_hit_rate.pct,%,88.01
contig,4096,0,cudnn_generated_fort_native_sdpa_sm90_flash_fprop_wgmma_f16_knob_7_64x128x128_4x1x1_cga1x1x1_kernel0_0,lts__t_sectors_aperture_device.sum,sector,"38,829,073"
contig,4096,0,cudnn_generated_fort_native_sdpa_sm90_flash_fprop_wgmma_f16_knob_7_64x128x128_4x1x1_cga1x1x1_kernel0_0,lts__t_sectors_aperture_peer.sum,sector,0
contig,4096,0,cudnn_generated_fort_native_sdpa_sm90_flash_fprop_wgmma_f16_knob_7_64x128x128_4x1x1_cga1x1x1_kernel0_0,lts__t_sectors_aperture_sysmem.sum,sector,"35,977"
contig,4096,0,cudnn_generated_fort_native_sdpa_sm90_flash_fprop_wgmma_f16_knob_7_64x128x128_4x1x1_cga1x1x1_kernel0_0,sm__throughput.avg.pct_of_peak_sustained_elapsed,%,71.64
contig,4096,0,cudnn_generated_fort_native_sdpa_sm90_flash_fprop_wgmma_f16_knob_7_64x128x128_4x1x1_cga1x1x1_kernel0_0,smsp__inst_executed.sum,inst,"156,557,116"
vmm,4096,0,cudnn_generated_fort_native_sdpa_sm90_flash_fprop_wgmma_f16_knob_7_64x128x128_4x1x1_cga1x1x1_kernel0_0,dram__throughput.avg.pct_of_peak_sustained_elapsed,%,8.93
vmm,4096,0,cudnn_generated_fort_native_sdpa_sm90_flash_fprop_wgmma_f16_knob_7_64x128x128_4x1x1_cga1x1x1_kernel0_0,gpu__time_duration.sum,ns,"577,760"
vmm,4096,0,cudnn_generated_fort_native_sdpa_sm90_flash_fprop_wgmma_f16_knob_7_64x128x128_4x1x1_cga1x1x1_kernel0_0,l1tex__t_sector_hit_rate.pct,%,0
vmm,4096,0,cudnn_generated_fort_native_sdpa_sm90_flash_fprop_wgmma_f16_knob_7_64x128x128_4x1x1_cga1x1x1_kernel0_0,lts__t_sector_hit_rate.pct,%,80.58
vmm,4096,0,cudnn_generated_fort_native_sdpa_sm90_flash_fprop_wgmma_f16_knob_7_64x128x128_4x1x1_cga1x1x1_kernel0_0,lts__t_sectors_aperture_device.sum,sector,"40,180,271"
vmm,4096,0,cudnn_generated_fort_native_sdpa_sm90_flash_fprop_wgmma_f16_knob_7_64x128x128_4x1x1_cga1x1x1_kernel0_0,lts__t_sectors_aperture_peer.sum,sector,0
vmm,4096,0,cudnn_generated_fort_native_sdpa_sm90_flash_fprop_wgmma_f16_knob_7_64x128x128_4x1x1_cga1x1x1_kernel0_0,lts__t_sectors_aperture_sysmem.sum,sector,"29,383"
vmm,4096,0,cudnn_generated_fort_native_sdpa_sm90_flash_fprop_wgmma_f16_knob_7_64x128x128_4x1x1_cga1x1x1_kernel0_0,sm__throughput.avg.pct_of_peak_sustained_elapsed,%,71.63
vmm,4096,0,cudnn_generated_fort_native_sdpa_sm90_flash_fprop_wgmma_f16_knob_7_64x128x128_4x1x1_cga1x1x1_kernel0_0,smsp__inst_executed.sum,inst,"156,553,521"
contig,2048,1,cudnn_generated_fort_native_sdpa_sm90_flash_fprop_wgmma_f16_knob_7_64x128x128_4x1x1_cga1x1x1_kernel0_0,dram__throughput.avg.pct_of_peak_sustained_elapsed,%,15.49
contig,2048,1,cudnn_generated_fort_native_sdpa_sm90_flash_fprop_wgmma_f16_knob_7_64x128x128_4x1x1_cga1x1x1_kernel0_0,gpu__time_duration.sum,ns,"155,712"
contig,2048,1,cudnn_generated_fort_native_sdpa_sm90_flash_fprop_wgmma_f16_knob_7_64x128x128_4x1x1_cga1x1x1_kernel0_0,l1tex__t_sector_hit_rate.pct,%,0
contig,2048,1,cudnn_generated_fort_native_sdpa_sm90_flash_fprop_wgmma_f16_knob_7_64x128x128_4x1x1_cga1x1x1_kernel0_0,lts__t_sector_hit_rate.pct,%,71.42
contig,2048,1,cudnn_generated_fort_native_sdpa_sm90_flash_fprop_wgmma_f16_knob_7_64x128x128_4x1x1_cga1x1x1_kernel0_0,lts__t_sectors_aperture_device.sum,sector,"10,731,332"
contig,2048,1,cudnn_generated_fort_native_sdpa_sm90_flash_fprop_wgmma_f16_knob_7_64x128x128_4x1x1_cga1x1x1_kernel0_0,lts__t_sectors_aperture_peer.sum,sector,0
contig,2048,1,cudnn_generated_fort_native_sdpa_sm90_flash_fprop_wgmma_f16_knob_7_64x128x128_4x1x1_cga1x1x1_kernel0_0,lts__t_sectors_aperture_sysmem.sum,sector,"27,654"
contig,2048,1,cudnn_generated_fort_native_sdpa_sm90_flash_fprop_wgmma_f16_knob_7_64x128x128_4x1x1_cga1x1x1_kernel0_0,sm__throughput.avg.pct_of_peak_sustained_elapsed,%,67.27
contig,2048,1,cudnn_generated_fort_native_sdpa_sm90_flash_fprop_wgmma_f16_knob_7_64x128x128_4x1x1_cga1x1x1_kernel0_0,smsp__inst_executed.sum,inst,"39,845,664"
contig,4096,1,cudnn_generated_fort_native_sdpa_sm90_flash_fprop_wgmma_f16_knob_7_64x128x128_4x1x1_cga1x1x1_kernel0_0,dram__throughput.avg.pct_of_peak_sustained_elapsed,%,9.08
contig,4096,1,cudnn_generated_fort_native_sdpa_sm90_flash_fprop_wgmma_f16_knob_7_64x128x128_4x1x1_cga1x1x1_kernel0_0,gpu__time_duration.sum,ns,"571,936"
contig,4096,1,cudnn_generated_fort_native_sdpa_sm90_flash_fprop_wgmma_f16_knob_7_64x128x128_4x1x1_cga1x1x1_kernel0_0,l1tex__t_sector_hit_rate.pct,%,0
contig,4096,1,cudnn_generated_fort_native_sdpa_sm90_flash_fprop_wgmma_f16_knob_7_64x128x128_4x1x1_cga1x1x1_kernel0_0,lts__t_sector_hit_rate.pct,%,85.89
contig,4096,1,cudnn_generated_fort_native_sdpa_sm90_flash_fprop_wgmma_f16_knob_7_64x128x128_4x1x1_cga1x1x1_kernel0_0,lts__t_sectors_aperture_device.sum,sector,"38,419,944"
contig,4096,1,cudnn_generated_fort_native_sdpa_sm90_flash_fprop_wgmma_f16_knob_7_64x128x128_4x1x1_cga1x1x1_kernel0_0,lts__t_sectors_aperture_peer.sum,sector,0
contig,4096,1,cudnn_generated_fort_native_sdpa_sm90_flash_fprop_wgmma_f16_knob_7_64x128x128_4x1x1_cga1x1x1_kernel0_0,lts__t_sectors_aperture_sysmem.sum,sector,"40,004"
contig,4096,1,cudnn_generated_fort_native_sdpa_sm90_flash_fprop_wgmma_f16_knob_7_64x128x128_4x1x1_cga1x1x1_kernel0_0,sm__throughput.avg.pct_of_peak_sustained_elapsed,%,71.89
contig,4096,1,cudnn_generated_fort_native_sdpa_sm90_flash_fprop_wgmma_f16_knob_7_64x128x128_4x1x1_cga1x1x1_kernel0_0,smsp__inst_executed.sum,inst,"156,548,836"
vmm,4096,1,cudnn_generated_fort_native_sdpa_sm90_flash_fprop_wgmma_f16_knob_7_64x128x128_4x1x1_cga1x1x1_kernel0_0,dram__throughput.avg.pct_of_peak_sustained_elapsed,%,9.08
vmm,4096,1,cudnn_generated_fort_native_sdpa_sm90_flash_fprop_wgmma_f16_knob_7_64x128x128_4x1x1_cga1x1x1_kernel0_0,gpu__time_duration.sum,ns,"572,192"
vmm,4096,1,cudnn_generated_fort_native_sdpa_sm90_flash_fprop_wgmma_f16_knob_7_64x128x128_4x1x1_cga1x1x1_kernel0_0,l1tex__t_sector_hit_rate.pct,%,0
vmm,4096,1,cudnn_generated_fort_native_sdpa_sm90_flash_fprop_wgmma_f16_knob_7_64x128x128_4x1x1_cga1x1x1_kernel0_0,lts__t_sector_hit_rate.pct,%,84.43
vmm,4096,1,cudnn_generated_fort_native_sdpa_sm90_flash_fprop_wgmma_f16_knob_7_64x128x128_4x1x1_cga1x1x1_kernel0_0,lts__t_sectors_aperture_device.sum,sector,"41,434,310"
vmm,4096,1,cudnn_generated_fort_native_sdpa_sm90_flash_fprop_wgmma_f16_knob_7_64x128x128_4x1x1_cga1x1x1_kernel0_0,lts__t_sectors_aperture_peer.sum,sector,0
vmm,4096,1,cudnn_generated_fort_native_sdpa_sm90_flash_fprop_wgmma_f16_knob_7_64x128x128_4x1x1_cga1x1x1_kernel0_0,lts__t_sectors_aperture_sysmem.sum,sector,"31,688"
vmm,4096,1,cudnn_generated_fort_native_sdpa_sm90_flash_fprop_wgmma_f16_knob_7_64x128x128_4x1x1_cga1x1x1_kernel0_0,sm__throughput.avg.pct_of_peak_sustained_elapsed,%,71.84
vmm,4096,1,cudnn_generated_fort_native_sdpa_sm90_flash_fprop_wgmma_f16_knob_7_64x128x128_4x1x1_cga1x1x1_kernel0_0,smsp__inst_executed.sum,inst,"156,553,386"
