seqlen,method,rep,ms
512,contiguous,0,0.04873599857091904
512,vmm_paged,0,0.033344000577926636
512,contiguous,1,0.031647998839616776
512,vmm_paged,1,0.029888000339269638
512,contiguous,2,0.02985600009560585
512,vmm_paged,2,0.02937600016593933
512,contiguous,3,0.029632000252604485
512,vmm_paged,3,0.029440000653266907
512,contiguous,4,0.02864000014960766
512,vmm_paged,4,0.029664000496268272
512,contiguous,5,0.029184000566601753
512,vmm_paged,5,0.02848000079393387
512,contiguous,6,0.02860799990594387
512,vmm_paged,6,0.028255999088287354
512,contiguous,7,0.02796800062060356
512,vmm_paged,7,0.03433600068092346
512,contiguous,8,0.03187200054526329
512,vmm_paged,8,0.028384000062942505
512,contiguous,9,0.028384000062942505
512,vmm_paged,9,0.027904000133275986
512,contiguous,10,0.027712000533938408
512,vmm_paged,10,0.02735999971628189
512,contiguous,11,0.027871999889612198
512,vmm_paged,11,0.028192000463604927
512,contiguous,12,0.027871999889612198
512,vmm_paged,12,0.02783999964594841
512,contiguous,13,0.027648000046610832
512,vmm_paged,13,0.02812799997627735
512,contiguous,14,0.027295999228954315
512,vmm_paged,14,0.028384000062942505
512,contiguous,15,0.027775999158620834
512,vmm_paged,15,0.02828799933195114
512,contiguous,16,0.02783999964594841
512,vmm_paged,16,0.027904000133275986
512,contiguous,17,0.028960000723600388
512,vmm_paged,17,0.031808000057935715
512,contiguous,18,0.02796800062060356
512,vmm_paged,18,0.02831999957561493
512,contiguous,19,0.027871999889612198
512,vmm_paged,19,0.028192000463604927
512,contiguous,20,0.02800000086426735
512,vmm_paged,20,0.027871999889612198
512,contiguous,21,0.02739199995994568
512,vmm_paged,21,0.028416000306606293
512,contiguous,22,0.027775999158620834
512,vmm_paged,22,0.02879999950528145
512,contiguous,23,0.027264000847935677
512,vmm_paged,23,0.02800000086426735
512,contiguous,24,0.027168000116944313
512,vmm_paged,24,0.02735999971628189
512,contiguous,25,0.027583999559283257
512,vmm_paged,25,0.02783999964594841
512,contiguous,26,0.028224000707268715
512,vmm_paged,26,0.028224000707268715
512,contiguous,27,0.03699199855327606
512,vmm_paged,27,0.029952000826597214
512,contiguous,28,0.028255999088287354
512,vmm_paged,28,0.02812799997627735
512,contiguous,29,0.028224000707268715
512,vmm_paged,29,0.027807999402284622
512,contiguous,30,0.027871999889612198
512,vmm_paged,30,0.02816000021994114
512,contiguous,31,0.028255999088287354
512,vmm_paged,31,0.027936000376939774
512,contiguous,32,0.027008000761270523
512,vmm_paged,32,0.027807999402284622
512,contiguous,33,0.02783999964594841
512,vmm_paged,33,0.027424000203609467
512,contiguous,34,0.027648000046610832
512,vmm_paged,34,0.02755199931561947
512,contiguous,35,0.027327999472618103
512,vmm_paged,35,0.028960000723600388
512,contiguous,36,0.02796800062060356
512,vmm_paged,36,0.028095999732613564
512,contiguous,37,0.02937600016593933
512,vmm_paged,37,0.028384000062942505
512,contiguous,38,0.027327999472618103
512,vmm_paged,38,0.027583999559283257
512,contiguous,39,0.027327999472618103
512,vmm_paged,39,0.027295999228954315
512,contiguous,40,0.02783999964594841
512,vmm_paged,40,0.027456000447273254
512,contiguous,41,0.027295999228954315
512,vmm_paged,41,0.02812799997627735
512,contiguous,42,0.02691200003027916
512,vmm_paged,42,0.02844800055027008
512,contiguous,43,0.027168000116944313
512,vmm_paged,43,0.02768000029027462
512,contiguous,44,0.027327999472618103
512,vmm_paged,44,0.028863999992609024
512,contiguous,45,0.027327999472618103
512,vmm_paged,45,0.027775999158620834
512,contiguous,46,0.02800000086426735
512,vmm_paged,46,0.042847998440265656
512,contiguous,47,0.031072000041604042
512,vmm_paged,47,0.028192000463604927
512,contiguous,48,0.027103999629616737
512,vmm_paged,48,0.027456000447273254
512,contiguous,49,0.028192000463604927
512,vmm_paged,49,0.028255999088287354
1024,contiguous,0,0.059328000992536545
1024,vmm_paged,0,0.052480001002550125
1024,contiguous,1,0.050783999264240265
1024,vmm_paged,1,0.04934399947524071
1024,contiguous,2,0.04960000142455101
1024,vmm_paged,2,0.0498879998922348
1024,contiguous,3,0.04915200173854828
1024,vmm_paged,3,0.04956800118088722
1024,contiguous,4,0.04966399818658829
1024,vmm_paged,4,0.05049600079655647
1024,contiguous,5,0.05036799982190132
1024,vmm_paged,5,0.05161599814891815
1024,contiguous,6,0.04915200173854828
1024,vmm_paged,6,0.04934399947524071
1024,contiguous,7,0.04918399825692177
1024,vmm_paged,7,0.048928000032901764
1024,contiguous,8,0.04931199923157692
1024,vmm_paged,8,0.04944000020623207
1024,contiguous,9,0.04966399818658829
1024,vmm_paged,9,0.04982399940490723
1024,contiguous,10,0.04918399825692177
1024,vmm_paged,10,0.049215998500585556
1024,contiguous,11,0.04975999891757965
1024,vmm_paged,11,0.04956800118088722
1024,contiguous,12,0.04886399954557419
1024,vmm_paged,12,0.050592001527547836
1024,contiguous,13,0.04854400083422661
1024,vmm_paged,13,0.049247998744249344
1024,contiguous,14,0.048928000032901764
1024,vmm_paged,14,0.04979199916124344
1024,contiguous,15,0.04825599864125252
1024,vmm_paged,15,0.05020799860358238
1024,contiguous,16,0.04879999905824661
1024,vmm_paged,16,0.048928000032901764
1024,contiguous,17,0.049536000937223434
1024,vmm_paged,17,0.049855999648571014
1024,contiguous,18,0.049536000937223434
1024,vmm_paged,18,0.04927999898791313
1024,contiguous,19,0.056063998490571976
1024,vmm_paged,19,0.04940799996256828
1024,contiguous,20,0.04947200044989586
1024,vmm_paged,20,0.04918399825692177
1024,contiguous,21,0.04915200173854828
1024,vmm_paged,21,0.04902400076389313
1024,contiguous,22,0.04873599857091904
1024,vmm_paged,22,0.048928000032901764
1024,contiguous,23,0.048576001077890396
1024,vmm_paged,23,0.04896000027656555
1024,contiguous,24,0.049375999718904495
1024,vmm_paged,24,0.04934399947524071
1024,contiguous,25,0.04918399825692177
1024,vmm_paged,25,0.04931199923157692
1024,contiguous,26,0.051231998950242996
1024,vmm_paged,26,0.04912000149488449
1024,contiguous,27,0.049855999648571014
1024,vmm_paged,27,0.04896000027656555
1024,contiguous,28,0.049056001007556915
1024,vmm_paged,28,0.049536000937223434
1024,contiguous,29,0.04870399832725525
1024,vmm_paged,29,0.04864000156521797
1024,contiguous,30,0.049247998744249344
1024,vmm_paged,30,0.04918399825692177
1024,contiguous,31,0.049247998744249344
1024,vmm_paged,31,0.04975999891757965
1024,contiguous,32,0.0490880012512207
1024,vmm_paged,32,0.049247998744249344
1024,contiguous,33,0.0504320003092289
1024,vmm_paged,33,0.049375999718904495
1024,contiguous,34,0.049056001007556915
1024,vmm_paged,34,0.0490880012512207
1024,contiguous,35,0.048576001077890396
1024,vmm_paged,35,0.049056001007556915
1024,contiguous,36,0.04896000027656555
1024,vmm_paged,36,0.05020799860358238
1024,contiguous,37,0.049536000937223434
1024,vmm_paged,37,0.0488319993019104
1024,contiguous,38,0.04947200044989586
1024,vmm_paged,38,0.04934399947524071
1024,contiguous,39,0.04896000027656555
1024,vmm_paged,39,0.050175998359918594
1024,contiguous,40,0.05023999884724617
1024,vmm_paged,40,0.04995200037956238
1024,contiguous,41,0.049247998744249344
1024,vmm_paged,41,0.04940799996256828
1024,contiguous,42,0.04912000149488449
1024,vmm_paged,42,0.04902400076389313
1024,contiguous,43,0.048767998814582825
1024,vmm_paged,43,0.048608001321554184
1024,contiguous,44,0.0490880012512207
1024,vmm_paged,44,0.0488319993019104
1024,contiguous,45,0.04864000156521797
1024,vmm_paged,45,0.05011200159788132
1024,contiguous,46,0.04947200044989586
1024,vmm_paged,46,0.055743999779224396
1024,contiguous,47,0.04873599857091904
1024,vmm_paged,47,0.04966399818658829
1024,contiguous,48,0.049695998430252075
1024,vmm_paged,48,0.04931199923157692
1024,contiguous,49,0.04934399947524071
1024,vmm_paged,49,0.04896000027656555
2048,contiguous,0,0.19059200584888458
2048,vmm_paged,0,0.14211200177669525
2048,contiguous,1,0.13740800321102142
2048,vmm_paged,1,0.14086399972438812
2048,contiguous,2,0.13663999736309052
2048,vmm_paged,2,0.13513599336147308
2048,contiguous,3,0.13580800592899323
2048,vmm_paged,3,0.13593600690364838
2048,contiguous,4,0.13545599579811096
2048,vmm_paged,4,0.13756799697875977
2048,contiguous,5,0.13529600203037262
2048,vmm_paged,5,0.13619199395179749
2048,contiguous,6,0.1345600038766861
2048,vmm_paged,6,0.1353279948234558
2048,contiguous,7,0.13657599687576294
2048,vmm_paged,7,0.13715200126171112
2048,contiguous,8,0.13478399813175201
2048,vmm_paged,8,0.13568000495433807
2048,contiguous,9,0.1345919966697693
2048,vmm_paged,9,0.13488000631332397
2048,contiguous,10,0.1353600025177002
2048,vmm_paged,10,0.14521600306034088
2048,contiguous,11,0.1364479959011078
2048,vmm_paged,11,0.13446399569511414
2048,contiguous,12,0.13583999872207642
2048,vmm_paged,12,0.1353919953107834
2048,contiguous,13,0.13497599959373474
2048,vmm_paged,13,0.1353279948234558
2048,contiguous,14,0.1383039951324463
2048,vmm_paged,14,0.13596799969673157
2048,contiguous,15,0.1350719928741455
2048,vmm_paged,15,0.1353919953107834
2048,contiguous,16,0.13488000631332397
2048,vmm_paged,16,0.13551999628543854
2048,contiguous,17,0.13689599931240082
2048,vmm_paged,17,0.13568000495433807
2048,contiguous,18,0.13462400436401367
2048,vmm_paged,18,0.13577599823474884
2048,contiguous,19,0.13478399813175201
2048,vmm_paged,19,0.13478399813175201
2048,contiguous,20,0.13660800457000732
2048,vmm_paged,20,0.1356479972600937
2048,contiguous,21,0.13600000739097595
2048,vmm_paged,21,0.13471999764442444
2048,contiguous,22,0.1353600025177002
2048,vmm_paged,22,0.1353600025177002
2048,contiguous,23,0.14239999651908875
2048,vmm_paged,23,0.1361279934644699
2048,contiguous,24,0.13462400436401367
2048,vmm_paged,24,0.135903999209404
2048,contiguous,25,0.13475200533866882
2048,vmm_paged,25,0.13580800592899323
2048,contiguous,26,0.13500800728797913
2048,vmm_paged,26,0.1391039937734604
2048,contiguous,27,0.1363839954137802
2048,vmm_paged,27,0.1356479972600937
2048,contiguous,28,0.13471999764442444
2048,vmm_paged,28,0.1361279934644699
2048,contiguous,29,0.13478399813175201
2048,vmm_paged,29,0.13887999951839447
2048,contiguous,30,0.13471999764442444
2048,vmm_paged,30,0.13433599472045898
2048,contiguous,31,0.13519999384880066
2048,vmm_paged,31,0.13529600203037262
2048,contiguous,32,0.1348479986190796
2048,vmm_paged,32,0.13715200126171112
2048,contiguous,33,0.13516800105571747
2048,vmm_paged,33,0.1353279948234558
2048,contiguous,34,0.13542400300502777
2048,vmm_paged,34,0.13583999872207642
2048,contiguous,35,0.13513599336147308
2048,vmm_paged,35,0.14182400703430176
2048,contiguous,36,0.1348479986190796
2048,vmm_paged,36,0.13471999764442444
2048,contiguous,37,0.1353600025177002
2048,vmm_paged,37,0.13500800728797913
2048,contiguous,38,0.13651199638843536
2048,vmm_paged,38,0.13513599336147308
2048,contiguous,39,0.13897599279880524
2048,vmm_paged,39,0.13635200262069702
2048,contiguous,40,0.1350719928741455
2048,vmm_paged,40,0.1353600025177002
2048,contiguous,41,0.13542400300502777
2048,vmm_paged,41,0.13622400164604187
2048,contiguous,42,0.13660800457000732
2048,vmm_paged,42,0.1361600011587143
2048,contiguous,43,0.1361279934644699
2048,vmm_paged,43,0.13555200397968292
2048,contiguous,44,0.13407999277114868
2048,vmm_paged,44,0.13523200154304504
2048,contiguous,45,0.1363839954137802
2048,vmm_paged,45,0.13478399813175201
2048,contiguous,46,0.13488000631332397
2048,vmm_paged,46,0.1345600038766861
2048,contiguous,47,0.13494400680065155
2048,vmm_paged,47,0.13504000008106232
2048,contiguous,48,0.1446080058813095
2048,vmm_paged,48,0.13574400544166565
2048,contiguous,49,0.1353279948234558
2048,vmm_paged,49,0.13488000631332397
4096,contiguous,0,0.6891520023345947
4096,vmm_paged,0,0.5451840162277222
4096,contiguous,1,0.5391039848327637
4096,vmm_paged,1,0.539680004119873
4096,contiguous,2,0.5333120226860046
4096,vmm_paged,2,0.5334399938583374
4096,contiguous,3,0.5321919918060303
4096,vmm_paged,3,0.5335360169410706
4096,contiguous,4,0.5469440221786499
4096,vmm_paged,4,0.5384960174560547
4096,contiguous,5,0.535647988319397
4096,vmm_paged,5,0.5323200225830078
4096,contiguous,6,0.5308799743652344
4096,vmm_paged,6,0.531711995601654
4096,contiguous,7,0.5291200280189514
4096,vmm_paged,7,0.5337600111961365
4096,contiguous,8,0.532800018787384
4096,vmm_paged,8,0.5360320210456848
4096,contiguous,9,0.5328959822654724
4096,vmm_paged,9,0.5334720015525818
4096,contiguous,10,0.5339199900627136
4096,vmm_paged,10,0.5327039957046509
4096,contiguous,11,0.5354560017585754
4096,vmm_paged,11,0.5325760245323181
4096,contiguous,12,0.5424320101737976
4096,vmm_paged,12,0.535103976726532
4096,contiguous,13,0.5338559746742249
4096,vmm_paged,13,0.5366399884223938
4096,contiguous,14,0.5320320129394531
4096,vmm_paged,14,0.5349760055541992
4096,contiguous,15,0.5329279899597168
4096,vmm_paged,15,0.53711998462677
4096,contiguous,16,0.5372160077095032
4096,vmm_paged,16,0.5373759865760803
4096,contiguous,17,0.536575973033905
4096,vmm_paged,17,0.5384640097618103
4096,contiguous,18,0.5392320156097412
4096,vmm_paged,18,0.5370240211486816
4096,contiguous,19,0.53711998462677
4096,vmm_paged,19,0.5376960039138794
4096,contiguous,20,0.5480960011482239
4096,vmm_paged,20,0.5394880175590515
4096,contiguous,21,0.5363199710845947
4096,vmm_paged,21,0.5356159806251526
4096,contiguous,22,0.532800018787384
4096,vmm_paged,22,0.5352320075035095
4096,contiguous,23,0.5351999998092651
4096,vmm_paged,23,0.5347200036048889
4096,contiguous,24,0.5310080051422119
4096,vmm_paged,24,0.5347520112991333
4096,contiguous,25,0.5323519706726074
4096,vmm_paged,25,0.535423994064331
4096,contiguous,26,0.5323200225830078
4096,vmm_paged,26,0.5334399938583374
4096,contiguous,27,0.5340800285339355
4096,vmm_paged,27,0.5326719880104065
4096,contiguous,28,0.5343040227890015
4096,vmm_paged,28,0.5325120091438293
4096,contiguous,29,0.5337280035018921
4096,vmm_paged,29,0.5560320019721985
4096,contiguous,30,0.5479999780654907
4096,vmm_paged,30,0.5509120225906372
4096,contiguous,31,0.5484799742698669
4096,vmm_paged,31,0.549888014793396
4096,contiguous,32,0.5505920052528381
4096,vmm_paged,32,0.5555199980735779
4096,contiguous,33,0.5553920269012451
4096,vmm_paged,33,0.5491200089454651
4096,contiguous,34,0.5555840134620667
4096,vmm_paged,34,0.5544639825820923
4096,contiguous,35,0.5545600056648254
4096,vmm_paged,35,0.5480639934539795
4096,contiguous,36,0.5514240264892578
4096,vmm_paged,36,0.5505599975585938
4096,contiguous,37,0.5490880012512207
4096,vmm_paged,37,0.5563200116157532
4096,contiguous,38,0.553600013256073
4096,vmm_paged,38,0.5500800013542175
4096,contiguous,39,0.5495039820671082
4096,vmm_paged,39,0.5546240210533142
4096,contiguous,40,0.5491520166397095
4096,vmm_paged,40,0.5528960227966309
4096,contiguous,41,0.5496000051498413
4096,vmm_paged,41,0.5507519841194153
4096,contiguous,42,0.5507839918136597
4096,vmm_paged,42,0.5599679946899414
4096,contiguous,43,0.5537919998168945
4096,vmm_paged,43,0.5504000186920166
4096,contiguous,44,0.5477120280265808
4096,vmm_paged,44,0.5511360168457031
4096,contiguous,45,0.5523200035095215
4096,vmm_paged,45,0.5590720176696777
4096,contiguous,46,0.5520640015602112
4096,vmm_paged,46,0.5556480288505554
4096,contiguous,47,0.5548800230026245
4096,vmm_paged,47,0.5552319884300232
4096,contiguous,48,0.5612800121307373
4096,vmm_paged,48,0.5549759864807129
4096,contiguous,49,0.5483840107917786
4096,vmm_paged,49,0.5528960227966309
8192,contiguous,0,2.26528000831604
8192,vmm_paged,0,2.080575942993164
8192,contiguous,1,2.0718719959259033
8192,vmm_paged,1,2.069279909133911
8192,contiguous,2,2.0696640014648438
8192,vmm_paged,2,2.0685439109802246
8192,contiguous,3,2.087455987930298
8192,vmm_paged,3,2.070688009262085
8192,contiguous,4,2.0803520679473877
8192,vmm_paged,4,2.069888114929199
8192,contiguous,5,2.0694398880004883
8192,vmm_paged,5,2.072160005569458
8192,contiguous,6,2.0688319206237793
8192,vmm_paged,6,2.067903995513916
8192,contiguous,7,2.08787202835083
8192,vmm_paged,7,2.090208053588867
8192,contiguous,8,2.0791358947753906
8192,vmm_paged,8,2.0742719173431396
8192,contiguous,9,2.0710079669952393
8192,vmm_paged,9,2.0683839321136475
8192,contiguous,10,2.0677759647369385
8192,vmm_paged,10,2.0737600326538086
8192,contiguous,11,2.0671679973602295
8192,vmm_paged,11,2.0740480422973633
8192,contiguous,12,2.069632053375244
8192,vmm_paged,12,2.068448066711426
8192,contiguous,13,2.068959951400757
8192,vmm_paged,13,2.0654399394989014
8192,contiguous,14,2.06659197807312
8192,vmm_paged,14,2.069535970687866
8192,contiguous,15,2.079040050506592
8192,vmm_paged,15,2.077631950378418
8192,contiguous,16,2.0685760974884033
8192,vmm_paged,16,2.0687038898468018
8192,contiguous,17,2.0677120685577393
8192,vmm_paged,17,2.08240008354187
8192,contiguous,18,2.0939199924468994
8192,vmm_paged,18,2.0829761028289795
8192,contiguous,19,2.0832319259643555
8192,vmm_paged,19,2.074399948120117
8192,contiguous,20,2.0677120685577393
8192,vmm_paged,20,2.0706241130828857
8192,contiguous,21,2.06931209564209
8192,vmm_paged,21,2.066240072250366
8192,contiguous,22,2.0722880363464355
8192,vmm_paged,22,2.0824639797210693
8192,contiguous,23,2.084160089492798
8192,vmm_paged,23,2.0685439109802246
8192,contiguous,24,2.068448066711426
8192,vmm_paged,24,2.065056085586548
8192,contiguous,25,2.069983959197998
8192,vmm_paged,25,2.0669760704040527
8192,contiguous,26,2.0649919509887695
8192,vmm_paged,26,2.078752040863037
8192,contiguous,27,2.0708160400390625
8192,vmm_paged,27,2.0708799362182617
8192,contiguous,28,2.0699520111083984
8192,vmm_paged,28,2.068000078201294
8192,contiguous,29,2.064703941345215
8192,vmm_paged,29,2.067456007003784
8192,contiguous,30,2.065279960632324
8192,vmm_paged,30,2.0734078884124756
8192,contiguous,31,2.1108479499816895
8192,vmm_paged,31,2.1015679836273193
8192,contiguous,32,2.069920063018799
8192,vmm_paged,32,2.0768320560455322
8192,contiguous,33,2.0690879821777344
8192,vmm_paged,33,2.0668160915374756
8192,contiguous,34,2.0665600299835205
8192,vmm_paged,34,2.076575994491577
8192,contiguous,35,2.076159954071045
8192,vmm_paged,35,2.068608045578003
8192,contiguous,36,2.0675199031829834
8192,vmm_paged,36,2.0791358947753906
8192,contiguous,37,2.0700159072875977
8192,vmm_paged,37,2.07043194770813
8192,contiguous,38,2.0759360790252686
8192,vmm_paged,38,2.073888063430786
8192,contiguous,39,2.076064109802246
8192,vmm_paged,39,2.0700480937957764
8192,contiguous,40,2.0642240047454834
8192,vmm_paged,40,2.0700480937957764
8192,contiguous,41,2.065984010696411
8192,vmm_paged,41,2.066272020339966
8192,contiguous,42,2.067039966583252
8192,vmm_paged,42,2.0687360763549805
8192,contiguous,43,2.065023899078369
8192,vmm_paged,43,2.0687999725341797
8192,contiguous,44,2.0673279762268066
8192,vmm_paged,44,2.066783905029297
8192,contiguous,45,2.0677759647369385
8192,vmm_paged,45,2.0664000511169434
8192,contiguous,46,2.0657920837402344
8192,vmm_paged,46,2.0787200927734375
8192,contiguous,47,2.0792319774627686
8192,vmm_paged,47,2.0716159343719482
8192,contiguous,48,2.0675199031829834
8192,vmm_paged,48,2.092832088470459
8192,contiguous,49,2.069567918777466
8192,vmm_paged,49,2.075007915496826
